orig_row,text,n_terms,dominant_topic,topic_0,topic_1,topic_2,topic_3
27191,"4 Top 7 paslaptys, kurias įmonės nenori, kad žinotumėte — Read more",5,2,0.042,0.042,0.874,0.042
10559,28 Coach explains new defensive tactics after the game,6,3,0.036,0.036,0.036,0.892
5171,"Top 7 paslaptys, kurias įmonės nenori, kad žinotumėte — You won't believe it (Berlin)",7,2,0.031,0.324,0.613,0.032
39466,88 Open-source libraries accelerate machine learning workflows analitikų teigimu,7,3,0.031,0.031,0.031,0.906
9361,31 Local team wins national championship in overtime,6,1,0.036,0.893,0.036,0.036
5120,85 Local team wins national championship in overtime,6,1,0.036,0.893,0.036,0.036
14144,Top 7 secrets companies don't want you to know — Number 5 is shocking (London),8,3,0.028,0.028,0.028,0.916
40923,66 Atviro kodo bibliotekos pagreitina mašininio mokymosi procesus,7,0,0.906,0.031,0.031,0.031
37918,79 Didelė saugumo spraga paveikė milijonus vartotojų dėl rinkos reakcijos,6,0,0.893,0.036,0.036,0.036
31393,10 Kaip pagreitinti kompiuterį paprastais triukais,4,1,0.05,0.85,0.05,0.05
19326,54 Major security breach affects millions of users worldwide po pranešimo (Paris),8,0,0.916,0.028,0.028,0.028
11035,93 Star player signs a multi-year contract with club,7,3,0.031,0.031,0.031,0.906
16586,91 Messi įmušė įspūdingą įvartį Lygų taurėje,6,2,0.036,0.036,0.893,0.036
45514,41 She did X — what happens next will shock you (Paris),4,0,0.848,0.051,0.051,0.051
26926,62 Coach explains new defensive tactics after the game,6,3,0.036,0.036,0.036,0.892
1637,Apple unveils a new iPhone with advanced camera and AI features (Berlin),9,2,0.025,0.026,0.924,0.025
10067,"24 Ji padarė X — kas nutiks toliau, pribloškia",5,0,0.875,0.042,0.042,0.042
11445,16 Treneris aiškino naują gynybos taktiką po rungtynių,6,0,0.892,0.036,0.036,0.036
1708,Didelė saugumo spraga paveikė milijonus vartotojų — analysts say (Vilnius),7,0,0.906,0.031,0.031,0.031
46157,You won't believe what happened next — You won't believe it (London),6,1,0.036,0.891,0.036,0.036
42654,42 Start-up raises $50 million to scale its AI platform,6,1,0.036,0.893,0.036,0.036
42156,74 This trick will change your life forever,4,3,0.05,0.05,0.05,0.85
8,She did X — what happens next will shock you — Find out why,3,0,0.812,0.063,0.063,0.063
24541,Vietos komanda laimėjo nacionalinį čempionatą pratęsimuose in a surprise move (Madrid),8,0,0.915,0.028,0.028,0.028
20061,65 Atviro kodo bibliotekos pagreitina mašininio mokymosi procesus,7,0,0.906,0.031,0.031,0.031
43961,"14 Top 7 paslaptys, kurias įmonės nenori, kad žinotumėte — Read more",5,2,0.042,0.042,0.874,0.042
30739,9 Messi įmušė įspūdingą įvartį Lygų taurėje,6,2,0.036,0.036,0.893,0.036
2406,74 Žvaigždė pasirašė daugiametę sutartį su klubu,5,1,0.042,0.875,0.042,0.042
5891,Treneris aiškino naują gynybos taktiką po rungtynių dėl rinkos reakcijos (London),7,0,0.905,0.032,0.031,0.032
48053,"45 Central bank cuts rates, markets rally on dovish guidance in a surprise move",9,0,0.924,0.025,0.025,0.025
1738,Šis triukas pakeis jūsų gyvenimą amžiams — Number 5 is shocking (New York),9,3,0.025,0.025,0.025,0.924
8901,29 Messi įmušė įspūdingą įvartį Lygų taurėje,6,2,0.036,0.036,0.893,0.036
3328,23 Analysts predict record profits for the banking sector dėl rinkos reakcijos (London),7,0,0.905,0.031,0.031,0.032
47687,10 Žvaigždė pasirašė daugiametę sutartį su klubu amid concerns (New York),9,1,0.025,0.669,0.28,0.026
34099,7 Startuolis pritraukė 50 mln. USD DI platformos plėtrai po pranešimo (Paris),8,3,0.028,0.028,0.028,0.916
2020,Local team wins national championship in overtime after report,6,1,0.036,0.893,0.036,0.036
48609,19 Startuolis pritraukė 50 mln. USD DI platformos plėtrai (New York),9,3,0.025,0.026,0.025,0.924
14059,7 Messi scores a stunning goal in the Champions League match,7,2,0.031,0.031,0.906,0.031
9177,31 Kaip pagreitinti kompiuterį paprastais triukais,4,1,0.05,0.85,0.05,0.05
20269,Apple unveils a new iPhone with advanced camera and AI features — analysts say (Kaunas),9,2,0.025,0.026,0.923,0.025
2156,33 This trick will change your life forever,4,3,0.05,0.05,0.05,0.85
5642,38 Top 7 secrets companies don't want you to know (London),6,3,0.036,0.036,0.036,0.892
37336,62 10 reasons you should never buy this gadget (Berlin),4,3,0.05,0.051,0.051,0.848
14288,29 You won't believe what happened next,3,1,0.063,0.812,0.063,0.063
26,Atviro kodo bibliotekos pagreitina mašininio mokymosi procesus dėl rinkos reakcijos,7,0,0.906,0.031,0.031,0.031
17125,31 Treneris aiškino naują gynybos taktiką po rungtynių amid concerns (London),9,0,0.92,0.025,0.029,0.025
7349,49 Top 7 secrets companies don't want you to know,5,3,0.042,0.042,0.042,0.875
14273,Coach explains new defensive tactics after the game po pranešimo (Kaunas),7,3,0.032,0.032,0.032,0.905
906,92 Local team wins national championship in overtime,6,1,0.036,0.893,0.036,0.036
15081,23 „Apple“ pristatė naują iPhone su pažangia kamera ir DI funkcijomis (Kaunas),9,1,0.025,0.924,0.025,0.025
47419,38 Žvaigždė pasirašė daugiametę sutartį su klubu,5,1,0.042,0.875,0.042,0.042
9941,29 Coach explains new defensive tactics after the game,6,3,0.036,0.036,0.036,0.892
2846,28 Transfer rumors suggest a record deal for the young striker,7,3,0.032,0.031,0.031,0.906
45728,58 Apple unveils a new iPhone with advanced camera and AI features,8,2,0.028,0.029,0.915,0.028
5102,55 You won't believe what happened next,3,1,0.063,0.812,0.063,0.063
2767,"59 Ji padarė X — kas nutiks toliau, pribloškia",5,0,0.875,0.042,0.042,0.042
30560,96 Didelė saugumo spraga paveikė milijonus vartotojų after report,6,0,0.893,0.036,0.036,0.036
28092,87 10 reasons you should never buy this gadget,3,3,0.063,0.063,0.063,0.812
1871,Start-up raises $50 million to scale its AI platform (New York),8,1,0.028,0.915,0.029,0.029
32044,92 Treneris aiškino naują gynybos taktiką po rungtynių (Paris),7,0,0.905,0.032,0.031,0.032
1247,Vietos komanda laimėjo nacionalinį čempionatą pratęsimuose (Vilnius),7,0,0.906,0.031,0.031,0.031
4817,Apple unveils a new iPhone with advanced camera and AI features (London),9,2,0.025,0.026,0.923,0.026
44417,Coach explains new defensive tactics after the game — analysts say (Vilnius),7,3,0.157,0.032,0.033,0.778
6126,"58 Ji padarė X — kas nutiks toliau, pribloškia",5,0,0.875,0.042,0.042,0.042
1895,23 10 reasons you should never buy this gadget,3,3,0.063,0.063,0.063,0.812
33467,Major security breach affects millions of users worldwide after report (New York),9,0,0.922,0.026,0.026,0.026
3971,Stock market falls amid inflation concerns dėl rinkos reakcijos,6,2,0.036,0.036,0.893,0.036
13452,36 Atviro kodo bibliotekos pagreitina mašininio mokymosi procesus,7,0,0.906,0.031,0.031,0.031
26406,6 „Apple“ pristatė naują iPhone su pažangia kamera ir DI funkcijomis,8,1,0.028,0.916,0.028,0.028
27456,72 Apple unveils a new iPhone with advanced camera and AI features,8,2,0.028,0.029,0.915,0.028
5432,98 Open-source libraries accelerate machine learning workflows (Berlin),8,3,0.028,0.028,0.028,0.916
216,Vietos komanda laimėjo nacionalinį čempionatą pratęsimuose (London),7,0,0.906,0.031,0.031,0.032
14002,9 Kaip pagreitinti kompiuterį paprastais triukais,4,1,0.05,0.85,0.05,0.05
14976,76 Transfer rumors suggest a record deal for the young striker po pranešimo,7,3,0.032,0.031,0.031,0.906
11164,Coach explains new defensive tactics after the game dėl rinkos reakcijos (New York),8,3,0.028,0.028,0.028,0.916
1660,93 Start-up raises $50 million to scale its AI platform (Madrid),7,1,0.031,0.905,0.032,0.031
12974,31 Treneris aiškino naują gynybos taktiką po rungtynių (Kaunas),7,0,0.905,0.032,0.031,0.032
22458,Atviro kodo bibliotekos pagreitina mašininio mokymosi procesus — analysts say (Vilnius),8,0,0.916,0.028,0.028,0.028
29614,75 Vietos komanda laimėjo nacionalinį čempionatą pratęsimuose,6,0,0.893,0.036,0.036,0.036
41,Messi scores a stunning goal in the Champions League match analitikų teigimu,7,2,0.031,0.031,0.906,0.031
20258,36 Analysts predict record profits for the banking sector,6,0,0.892,0.036,0.036,0.036
45019,26 10 reasons you should never buy this gadget,3,3,0.063,0.063,0.063,0.812
461,10 reasons you should never buy this gadget — Find out why,3,3,0.063,0.063,0.063,0.812
25744,16 You won't believe what happened next,3,1,0.063,0.812,0.063,0.063
517,Coach explains new defensive tactics after the game amid concerns,8,3,0.028,0.028,0.275,0.669
4352,70 Stock market falls amid inflation concerns,6,2,0.036,0.036,0.893,0.036
38658,91 Top 7 secrets companies don't want you to know — You won't believe it,7,3,0.031,0.281,0.031,0.656
586,Žvaigždė pasirašė daugiametę sutartį su klubu (Kaunas),6,1,0.036,0.892,0.036,0.036
2344,„Apple“ pristatė naują iPhone su pažangia kamera ir DI funkcijomis dėl rinkos reakcijos,8,1,0.028,0.916,0.028,0.028
1117,17 Earnings beat expectations as revenue grows in cloud segment,7,0,0.906,0.031,0.031,0.031
334,Atviro kodo bibliotekos pagreitina mašininio mokymosi procesus (New York),9,0,0.922,0.026,0.026,0.026
34699,22 Earnings beat expectations as revenue grows in cloud segment analitikų teigimu,7,0,0.906,0.031,0.031,0.031
35007,"67 Top 7 paslaptys, kurias įmonės nenori, kad žinotumėte — Find out why",4,2,0.05,0.05,0.85,0.05
48763,85 Coach explains new defensive tactics after the game,6,3,0.036,0.036,0.036,0.892
45270,45 She did X — what happens next will shock you — Read more,4,0,0.847,0.051,0.051,0.051
15448,8 This trick will change your life forever (London),5,3,0.042,0.042,0.042,0.874
30467,61 Šis triukas pakeis jūsų gyvenimą amžiams — Read more,6,3,0.036,0.036,0.036,0.892
25227,19 She did X — what happens next will shock you,3,0,0.812,0.063,0.063,0.063
24946,23 Coach explains new defensive tactics after the game (Paris),7,3,0.032,0.032,0.032,0.905
39533,63 Messi įmušė įspūdingą įvartį Lygų taurėje,6,2,0.036,0.036,0.893,0.036
38046,96 Atviro kodo bibliotekos pagreitina mašininio mokymosi procesus,7,0,0.906,0.031,0.031,0.031
19715,67 How to speed up your computer with simple tweaks analitikų teigimu,4,1,0.05,0.85,0.05,0.05
20697,7 Treneris aiškino naują gynybos taktiką po rungtynių,6,0,0.892,0.036,0.036,0.036
47109,66 Vietos komanda laimėjo nacionalinį čempionatą pratęsimuose as markets react,6,0,0.893,0.036,0.036,0.036
28991,95 Major security breach affects millions of users worldwide (Madrid),8,0,0.916,0.028,0.028,0.028
5038,97 10 reasons you should never buy this gadget (Berlin),4,3,0.05,0.051,0.051,0.848
32136,2 Coach explains new defensive tactics after the game analitikų teigimu,6,3,0.036,0.036,0.036,0.892
6489,"36 Central bank cuts rates, markets rally on dovish guidance",8,0,0.917,0.028,0.028,0.028
45779,93 Top 7 secrets companies don't want you to know,5,3,0.042,0.042,0.042,0.875
28434,15 How to speed up your computer with simple tweaks (Berlin),5,1,0.042,0.874,0.042,0.042
28377,11 Investors hedge inflation risk using index-linked bonds analitikų teigimu,8,2,0.028,0.028,0.917,0.028
2351,Earnings beat expectations as revenue grows in cloud segment (London),8,0,0.916,0.028,0.028,0.028
46954,Star player signs a multi-year contract with club as markets react (New York),9,3,0.025,0.025,0.025,0.924
23244,"52 Central bank cuts rates, markets rally on dovish guidance (New York)",10,0,0.93,0.023,0.023,0.024
148,Žvaigždė pasirašė daugiametę sutartį su klubu,5,1,0.042,0.875,0.042,0.042
1996,Vietos komanda laimėjo nacionalinį čempionatą pratęsimuose amid concerns,8,0,0.911,0.028,0.033,0.028
6712,"2 10 priežasčių, kodėl niekada nepirkti šio daikto",6,2,0.036,0.036,0.893,0.036
928,"Central bank cuts rates, markets rally on dovish guidance (Berlin)",9,0,0.924,0.025,0.025,0.025
2548,71 Messi scores a stunning goal in the Champions League match,7,2,0.031,0.031,0.906,0.031
1123,Analysts predict record profits for the banking sector analitikų teigimu,6,0,0.892,0.036,0.036,0.036
4286,Local team wins national championship in overtime in a surprise move,7,1,0.032,0.905,0.032,0.032
9733,97 Startuolis pritraukė 50 mln. USD DI platformos plėtrai (London),8,3,0.028,0.028,0.028,0.916
28453,36 She did X — what happens next will shock you,3,0,0.812,0.063,0.063,0.063
29781,6 You won't believe what happened next — Number 5 is shocking (New York),7,1,0.032,0.526,0.032,0.411
30511,10 Treneris aiškino naują gynybos taktiką po rungtynių,6,0,0.892,0.036,0.036,0.036
10905,3 10 reasons you should never buy this gadget,3,3,0.063,0.063,0.063,0.812
1925,Coach explains new defensive tactics after the game (Paris),7,3,0.032,0.032,0.032,0.905
19410,67 Vietos komanda laimėjo nacionalinį čempionatą pratęsimuose as markets react (Paris),7,0,0.905,0.032,0.031,0.032
990,20 Messi įmušė įspūdingą įvartį Lygų taurėje,6,2,0.036,0.036,0.893,0.036
39213,27 Messi įmušė įspūdingą įvartį Lygų taurėje in a surprise move,7,2,0.031,0.031,0.906,0.031
43013,44 Open-source libraries accelerate machine learning workflows,7,3,0.031,0.031,0.031,0.906
2213,"53 Central bank cuts rates, markets rally on dovish guidance",8,0,0.917,0.028,0.028,0.028
44837,97 Transfer rumors suggest a record deal for the young striker as markets react (London),8,3,0.028,0.028,0.028,0.916
20447,31 Perėjimų gandai: jaunas puolėjas gali kainuoti rekordą dėl rinkos reakcijos,7,2,0.031,0.031,0.906,0.031
2922,How to speed up your computer with simple tweaks dėl rinkos reakcijos,4,1,0.05,0.85,0.05,0.05
28625,19 How to speed up your computer with simple tweaks,4,1,0.05,0.85,0.05,0.05
108,Investors hedge inflation risk using index-linked bonds,8,2,0.028,0.028,0.917,0.028
38599,49 Star player signs a multi-year contract with club (Berlin),8,3,0.028,0.028,0.028,0.916
6862,31 Coach explains new defensive tactics after the game amid concerns,8,3,0.028,0.028,0.275,0.669
25727,31 Vietos komanda laimėjo nacionalinį čempionatą pratęsimuose,6,0,0.893,0.036,0.036,0.036
40332,80 Local team wins national championship in overtime,6,1,0.036,0.893,0.036,0.036
20350,70 How to speed up your computer with simple tweaks,4,1,0.05,0.85,0.05,0.05
44285,8 This trick will change your life forever,4,3,0.05,0.05,0.05,0.85
14377,90 Open-source libraries accelerate machine learning workflows,7,3,0.031,0.031,0.031,0.906
22698,66 You won't believe what happened next,3,1,0.063,0.812,0.063,0.063
35832,47 Top 7 secrets companies don't want you to know,5,3,0.042,0.042,0.042,0.875
10604,Stock market falls amid inflation concerns after report,6,2,0.036,0.036,0.893,0.036
25642,90 „Apple“ pristatė naują iPhone su pažangia kamera ir DI funkcijomis dėl rinkos reakcijos (New York),10,1,0.023,0.93,0.023,0.023
16187,56 Apple unveils a new iPhone with advanced camera and AI features,8,2,0.028,0.029,0.915,0.028
28594,100 Start-up raises $50 million to scale its AI platform,6,1,0.036,0.893,0.036,0.036
12280,94 Vietos komanda laimėjo nacionalinį čempionatą pratęsimuose,6,0,0.893,0.036,0.036,0.036
1413,"Ji padarė X — kas nutiks toliau, pribloškia (Vilnius)",6,0,0.892,0.036,0.036,0.036
6120,"10 priežasčių, kodėl niekada nepirkti šio daikto — Number 5 is shocking (Vilnius)",9,2,0.026,0.025,0.725,0.225
14119,89 Messi įmušė įspūdingą įvartį Lygų taurėje,6,2,0.036,0.036,0.893,0.036
26380,69 Investors hedge inflation risk using index-linked bonds — analysts say,8,2,0.028,0.028,0.917,0.028
28546,40 Šis triukas pakeis jūsų gyvenimą amžiams,5,3,0.042,0.042,0.042,0.875
8997,21 Atviro kodo bibliotekos pagreitina mašininio mokymosi procesus,7,0,0.906,0.031,0.031,0.031
14017,73 Vietos komanda laimėjo nacionalinį čempionatą pratęsimuose,6,0,0.893,0.036,0.036,0.036
2677,Perėjimų gandai: jaunas puolėjas gali kainuoti rekordą (Madrid),8,2,0.028,0.028,0.916,0.028
48469,64 Transfer rumors suggest a record deal for the young striker,7,3,0.032,0.031,0.031,0.906
357,46 This trick will change your life forever,4,3,0.05,0.05,0.05,0.85
3464,43 Star player signs a multi-year contract with club,7,3,0.031,0.031,0.031,0.906
18998,89 Major security breach affects millions of users worldwide,7,0,0.906,0.031,0.031,0.031
49060,58 She did X — what happens next will shock you,3,0,0.812,0.063,0.063,0.063
23145,Atviro kodo bibliotekos pagreitina mašininio mokymosi procesus — analysts say (Madrid),8,0,0.916,0.028,0.028,0.028
2045,"Negalėsite patikėti, kas įvyko toliau — Find out why (New York)",6,2,0.037,0.037,0.889,0.037
9508,Start-up raises $50 million to scale its AI platform dėl rinkos reakcijos (London),7,1,0.032,0.905,0.032,0.032
49366,14 Treneris aiškino naują gynybos taktiką po rungtynių (London),7,0,0.905,0.032,0.031,0.032
21728,55 Local team wins national championship in overtime,6,1,0.036,0.893,0.036,0.036
49148,46 Local team wins national championship in overtime,6,1,0.036,0.893,0.036,0.036
24439,32 Stock market falls amid inflation concerns dėl rinkos reakcijos,6,2,0.036,0.036,0.893,0.036
698,"Ji padarė X — kas nutiks toliau, pribloškia (Kaunas)",6,0,0.891,0.036,0.036,0.036
20361,Open-source libraries accelerate machine learning workflows — analysts say (Berlin),8,3,0.028,0.028,0.028,0.916
24213,69 10 reasons you should never buy this gadget,3,3,0.063,0.063,0.063,0.812
11001,88 Messi scores a stunning goal in the Champions League match po pranešimo,7,2,0.031,0.031,0.906,0.031
49973,72 She did X — what happens next will shock you,3,0,0.812,0.063,0.063,0.063
1384,Open-source libraries accelerate machine learning workflows after report,7,3,0.031,0.031,0.031,0.906
1614,"Top 7 paslaptys, kurias įmonės nenori, kad žinotumėte — You won't believe it (Kaunas)",7,2,0.032,0.347,0.59,0.032
20900,You won't believe what happened next — Read more (Kaunas),5,1,0.043,0.872,0.043,0.043
3218,Major security breach affects millions of users worldwide after report (Berlin),8,0,0.915,0.028,0.028,0.028
11120,76 She did X — what happens next will shock you,3,0,0.812,0.063,0.063,0.063
598,Žvaigždė pasirašė daugiametę sutartį su klubu dėl rinkos reakcijos (Berlin),6,1,0.036,0.892,0.036,0.036
21636,74 10 reasons you should never buy this gadget — Read more,4,3,0.051,0.051,0.051,0.848
299,9 Startuolis pritraukė 50 mln. USD DI platformos plėtrai,7,3,0.031,0.032,0.031,0.906
28721,10 reasons you should never buy this gadget — Number 5 is shocking (Paris),6,3,0.036,0.036,0.036,0.892
2690,Treneris aiškino naują gynybos taktiką po rungtynių after report (Vilnius),7,0,0.906,0.032,0.031,0.031
5820,Kaip pagreitinti kompiuterį paprastais triukais (Berlin),5,1,0.042,0.874,0.042,0.042
38151,88 How to speed up your computer with simple tweaks (Berlin),5,1,0.042,0.874,0.042,0.042
18039,Star player signs a multi-year contract with club po pranešimo (New York),9,3,0.025,0.025,0.025,0.924
43735,"Ji padarė X — kas nutiks toliau, pribloškia — Read more (Paris)",7,0,0.904,0.032,0.032,0.032
8096,86 She did X — what happens next will shock you (Paris),4,0,0.848,0.051,0.051,0.051
37220,88 Open-source libraries accelerate machine learning workflows after report,7,3,0.031,0.031,0.031,0.906
2915,59 Local team wins national championship in overtime (New York),8,1,0.028,0.915,0.028,0.029
9548,65 Major security breach affects millions of users worldwide,7,0,0.906,0.031,0.031,0.031
25414,18 Stock market falls amid inflation concerns,6,2,0.036,0.036,0.893,0.036
587,Coach explains new defensive tactics after the game (Vilnius),7,3,0.157,0.032,0.033,0.778
39990,100 You won't believe what happened next (Kaunas),4,1,0.05,0.849,0.05,0.051
33300,52 Star player signs a multi-year contract with club dėl rinkos reakcijos,7,3,0.031,0.031,0.031,0.906
21459,60 Kaip pagreitinti kompiuterį paprastais triukais,4,1,0.05,0.85,0.05,0.05
30330,"72 Ji padarė X — kas nutiks toliau, pribloškia",5,0,0.875,0.042,0.042,0.042
7146,58 Earnings beat expectations as revenue grows in cloud segment,7,0,0.906,0.031,0.031,0.031
18029,79 Vietos komanda laimėjo nacionalinį čempionatą pratęsimuose,6,0,0.893,0.036,0.036,0.036
16258,34 Didelė saugumo spraga paveikė milijonus vartotojų,6,0,0.893,0.036,0.036,0.036
45421,Perėjimų gandai: jaunas puolėjas gali kainuoti rekordą in a surprise move (Kaunas),9,2,0.025,0.025,0.924,0.025
42554,Treneris aiškino naują gynybos taktiką po rungtynių po pranešimo (Madrid),7,0,0.905,0.032,0.032,0.031
3520,45 Earnings beat expectations as revenue grows in cloud segment (London),8,0,0.916,0.028,0.028,0.028
30474,91 Apple unveils a new iPhone with advanced camera and AI features amid concerns,10,2,0.023,0.023,0.931,0.023
13685,10 reasons you should never buy this gadget — You won't believe it (London),6,3,0.036,0.36,0.036,0.568
4401,81 Startuolis pritraukė 50 mln. USD DI platformos plėtrai,7,3,0.031,0.032,0.031,0.906
20337,90 Coach explains new defensive tactics after the game,6,3,0.036,0.036,0.036,0.892
12237,Star player signs a multi-year contract with club po pranešimo (Kaunas),8,3,0.028,0.028,0.028,0.916
8791,72 Treneris aiškino naują gynybos taktiką po rungtynių,6,0,0.892,0.036,0.036,0.036
5043,Didelė saugumo spraga paveikė milijonus vartotojų (Kaunas),7,0,0.905,0.032,0.031,0.032
24474,61 This trick will change your life forever,4,3,0.05,0.05,0.05,0.85
16070,"85 10 priežasčių, kodėl niekada nepirkti šio daikto — Find out why",6,2,0.036,0.036,0.893,0.036
16499,30 Star player signs a multi-year contract with club,7,3,0.031,0.031,0.031,0.906
9488,32 Star player signs a multi-year contract with club,7,3,0.031,0.031,0.031,0.906
2698,53 Stock market falls amid inflation concerns dėl rinkos reakcijos,6,2,0.036,0.036,0.893,0.036
4267,Star player signs a multi-year contract with club po pranešimo (Berlin),8,3,0.028,0.028,0.028,0.916
40631,66 Earnings beat expectations as revenue grows in cloud segment,7,0,0.906,0.031,0.031,0.031
6237,34 Apple unveils a new iPhone with advanced camera and AI features,8,2,0.028,0.029,0.915,0.028
2322,75 „Apple“ pristatė naują iPhone su pažangia kamera ir DI funkcijomis (New York),10,1,0.023,0.93,0.023,0.023
9387,54 Žvaigždė pasirašė daugiametę sutartį su klubu,5,1,0.042,0.875,0.042,0.042
34927,Messi scores a stunning goal in the Champions League match — analysts say (Paris),8,2,0.028,0.028,0.916,0.028
1369,16 Transfer rumors suggest a record deal for the young striker (Berlin),8,3,0.028,0.028,0.028,0.916
17002,49 Treneris aiškino naują gynybos taktiką po rungtynių,6,0,0.892,0.036,0.036,0.036
29527,85 Investors hedge inflation risk using index-linked bonds (Madrid),9,2,0.025,0.025,0.925,0.025
390,Apple unveils a new iPhone with advanced camera and AI features dėl rinkos reakcijos (Madrid),9,2,0.025,0.026,0.923,0.025
18478,24 Open-source libraries accelerate machine learning workflows,7,3,0.031,0.031,0.031,0.906
40213,28 Open-source libraries accelerate machine learning workflows,7,3,0.031,0.031,0.031,0.906
18785,31 Startuolis pritraukė 50 mln. USD DI platformos plėtrai,7,3,0.031,0.032,0.031,0.906
12739,62 10 reasons you should never buy this gadget,3,3,0.063,0.063,0.063,0.812
11133,"63 10 priežasčių, kodėl niekada nepirkti šio daikto",6,2,0.036,0.036,0.893,0.036
35679,This trick will change your life forever — You won't believe it (Paris),7,3,0.032,0.313,0.031,0.624
47735,20 Start-up raises $50 million to scale its AI platform dėl rinkos reakcijos,6,1,0.036,0.893,0.036,0.036
12,"10 priežasčių, kodėl niekada nepirkti šio daikto",6,2,0.036,0.036,0.893,0.036
12982,88 Start-up raises $50 million to scale its AI platform,6,1,0.036,0.893,0.036,0.036
12737,67 Apple unveils a new iPhone with advanced camera and AI features,8,2,0.028,0.029,0.915,0.028
18821,"Ji padarė X — kas nutiks toliau, pribloškia — You won't believe it (New York)",9,0,0.633,0.316,0.026,0.026
13850,15 Apple unveils a new iPhone with advanced camera and AI features analitikų teigimu,8,2,0.028,0.029,0.915,0.028
28066,67 Coach explains new defensive tactics after the game,6,3,0.036,0.036,0.036,0.892
39406,Apple unveils a new iPhone with advanced camera and AI features amid concerns (Kaunas),11,2,0.021,0.022,0.936,0.021
23362,2 10 reasons you should never buy this gadget,3,3,0.063,0.063,0.063,0.812
2998,Didelė saugumo spraga paveikė milijonus vartotojų (London),7,0,0.906,0.031,0.031,0.032
915,Apple unveils a new iPhone with advanced camera and AI features po pranešimo (Vilnius),9,2,0.025,0.026,0.923,0.025
929,Messi įmušė įspūdingą įvartį Lygų taurėje analitikų teigimu,6,2,0.036,0.036,0.893,0.036
193,35 Messi scores a stunning goal in the Champions League match po pranešimo,7,2,0.031,0.031,0.906,0.031
34397,53 Top 7 secrets companies don't want you to know (Kaunas),6,3,0.036,0.036,0.036,0.892
36870,36 Start-up raises $50 million to scale its AI platform,6,1,0.036,0.893,0.036,0.036
11738,64 This trick will change your life forever — Number 5 is shocking,6,3,0.036,0.036,0.036,0.893
32695,65 Local team wins national championship in overtime,6,1,0.036,0.893,0.036,0.036
23396,"81 Negalėsite patikėti, kas įvyko toliau",4,2,0.051,0.05,0.849,0.05
30,Kaip pagreitinti kompiuterį paprastais triukais,4,1,0.05,0.85,0.05,0.05
16351,"32 Central bank cuts rates, markets rally on dovish guidance dėl rinkos reakcijos",8,0,0.917,0.028,0.028,0.028
8236,62 Top 7 secrets companies don't want you to know — Number 5 is shocking,7,3,0.031,0.031,0.031,0.906
34184,90 Kaip pagreitinti kompiuterį paprastais triukais,4,1,0.05,0.85,0.05,0.05
18847,4 10 reasons you should never buy this gadget,3,3,0.063,0.063,0.063,0.812
8802,36 Analysts predict record profits for the banking sector — analysts say,6,0,0.892,0.036,0.036,0.036
13887,62 Kaip pagreitinti kompiuterį paprastais triukais (London),5,1,0.042,0.873,0.042,0.043
9313,6 Open-source libraries accelerate machine learning workflows,7,3,0.031,0.031,0.031,0.906
11906,79 This trick will change your life forever,4,3,0.05,0.05,0.05,0.85
730,Star player signs a multi-year contract with club after report,7,3,0.031,0.031,0.031,0.906
18741,18 Start-up raises $50 million to scale its AI platform,6,1,0.036,0.893,0.036,0.036
2170,Analysts predict record profits for the banking sector amid concerns,8,0,0.911,0.028,0.033,0.028
39947,Messi įmušė įspūdingą įvartį Lygų taurėje in a surprise move (Vilnius),8,2,0.028,0.028,0.916,0.028
17231,13 Investors hedge inflation risk using index-linked bonds,8,2,0.028,0.028,0.917,0.028
38091,"89 Negalėsite patikėti, kas įvyko toliau (Madrid)",5,2,0.043,0.042,0.873,0.042
18389,Startuolis pritraukė 50 mln. USD DI platformos plėtrai in a surprise move (Kaunas),9,3,0.025,0.026,0.025,0.924
35177,46 Earnings beat expectations as revenue grows in cloud segment in a surprise move,8,0,0.916,0.028,0.028,0.028
5740,46 Perėjimų gandai: jaunas puolėjas gali kainuoti rekordą,7,2,0.031,0.031,0.906,0.031
33748,12 Local team wins national championship in overtime,6,1,0.036,0.893,0.036,0.036
9103,60 Kaip pagreitinti kompiuterį paprastais triukais (New York),6,1,0.036,0.89,0.037,0.037
38070,95 Major security breach affects millions of users worldwide in a surprise move,8,0,0.916,0.028,0.028,0.028
117,Messi scores a stunning goal in the Champions League match,7,2,0.031,0.031,0.906,0.031
5989,81 Messi įmušė įspūdingą įvartį Lygų taurėje,6,2,0.036,0.036,0.893,0.036
2120,92 Start-up raises $50 million to scale its AI platform,6,1,0.036,0.893,0.036,0.036
34628,16 Perėjimų gandai: jaunas puolėjas gali kainuoti rekordą,7,2,0.031,0.031,0.906,0.031
21228,"33 Negalėsite patikėti, kas įvyko toliau — You won't believe it",6,2,0.036,0.322,0.606,0.036
27633,Major security breach affects millions of users worldwide po pranešimo (Kaunas),8,0,0.916,0.028,0.028,0.028
5046,95 Didelė saugumo spraga paveikė milijonus vartotojų,6,0,0.893,0.036,0.036,0.036
35005,83 This trick will change your life forever (Madrid),5,3,0.042,0.043,0.042,0.873
4270,„Apple“ pristatė naują iPhone su pažangia kamera ir DI funkcijomis as markets react,8,1,0.028,0.916,0.028,0.028
32588,63 How to speed up your computer with simple tweaks,4,1,0.05,0.85,0.05,0.05
32415,10 reasons you should never buy this gadget — You won't believe it (Madrid),6,3,0.036,0.4,0.036,0.528
13650,"49 10 priežasčių, kodėl niekada nepirkti šio daikto (New York)",8,2,0.028,0.028,0.915,0.029
33295,57 You won't believe what happened next (Kaunas),4,1,0.05,0.849,0.05,0.051
243,Open-source libraries accelerate machine learning workflows (Paris),8,3,0.028,0.028,0.028,0.916
22868,71 She did X — what happens next will shock you,3,0,0.812,0.063,0.063,0.063
25255,"77 Central bank cuts rates, markets rally on dovish guidance",8,0,0.917,0.028,0.028,0.028
9506,Major security breach affects millions of users worldwide — analysts say (Vilnius),8,0,0.916,0.028,0.028,0.028
43780,30 She did X — what happens next will shock you,3,0,0.812,0.063,0.063,0.063
15462,27 This trick will change your life forever (New York),6,3,0.036,0.036,0.036,0.891
2563,6 You won't believe what happened next,3,1,0.063,0.812,0.063,0.063
37621,"14 10 priežasčių, kodėl niekada nepirkti šio daikto",6,2,0.036,0.036,0.893,0.036
2675,„Apple“ pristatė naują iPhone su pažangia kamera ir DI funkcijomis amid concerns,10,1,0.023,0.71,0.244,0.023
7478,88 Earnings beat expectations as revenue grows in cloud segment,7,0,0.906,0.031,0.031,0.031
19095,38 Transfer rumors suggest a record deal for the young striker as markets react,7,3,0.032,0.031,0.031,0.906
33215,"80 Top 7 paslaptys, kurias įmonės nenori, kad žinotumėte — You won't believe it",6,2,0.036,0.322,0.607,0.036
1695,Coach explains new defensive tactics after the game in a surprise move,7,3,0.032,0.032,0.032,0.905
15501,7 Žvaigždė pasirašė daugiametę sutartį su klubu after report,5,1,0.042,0.875,0.042,0.042
454,Top 7 secrets companies don't want you to know (Paris),6,3,0.036,0.036,0.036,0.892
21468,40 Local team wins national championship in overtime po pranešimo,6,1,0.036,0.893,0.036,0.036
34368,29 Local team wins national championship in overtime,6,1,0.036,0.893,0.036,0.036
39148,9 Messi scores a stunning goal in the Champions League match,7,2,0.031,0.031,0.906,0.031
36456,32 Didelė saugumo spraga paveikė milijonus vartotojų,6,0,0.893,0.036,0.036,0.036
38397,59 Messi scores a stunning goal in the Champions League match,7,2,0.031,0.031,0.906,0.031
5197,71 Coach explains new defensive tactics after the game,6,3,0.036,0.036,0.036,0.892
3140,Kaip pagreitinti kompiuterį paprastais triukais (Kaunas),5,1,0.042,0.874,0.042,0.042
12390,Analysts predict record profits for the banking sector po pranešimo,6,0,0.892,0.036,0.036,0.036
203,57 Start-up raises $50 million to scale its AI platform (Paris),7,1,0.032,0.905,0.032,0.032
10367,"60 10 priežasčių, kodėl niekada nepirkti šio daikto — Read more (Madrid)",8,2,0.028,0.028,0.916,0.028
2639,Messi įmušė įspūdingą įvartį Lygų taurėje (Vilnius),7,2,0.032,0.031,0.905,0.031
34110,Coach explains new defensive tactics after the game as markets react (Berlin),7,3,0.031,0.032,0.032,0.905
17668,59 „Apple“ pristatė naują iPhone su pažangia kamera ir DI funkcijomis,8,1,0.028,0.916,0.028,0.028
6857,62 Perėjimų gandai: jaunas puolėjas gali kainuoti rekordą,7,2,0.031,0.031,0.906,0.031
42056,97 Earnings beat expectations as revenue grows in cloud segment dėl rinkos reakcijos,7,0,0.906,0.031,0.031,0.031
30081,38 How to speed up your computer with simple tweaks amid concerns (Kaunas),7,1,0.032,0.635,0.302,0.031
23620,90 This trick will change your life forever — Number 5 is shocking,6,3,0.036,0.036,0.036,0.893
41794,Major security breach affects millions of users worldwide as markets react (New York),9,0,0.922,0.026,0.026,0.026
9464,"Central bank cuts rates, markets rally on dovish guidance (New York)",10,0,0.93,0.023,0.023,0.024
27166,69 Žvaigždė pasirašė daugiametę sutartį su klubu,5,1,0.042,0.875,0.042,0.042
38906,99 Coach explains new defensive tactics after the game,6,3,0.036,0.036,0.036,0.892
14985,Star player signs a multi-year contract with club amid concerns,9,3,0.025,0.025,0.225,0.725
8160,Open-source libraries accelerate machine learning workflows — analysts say,7,3,0.031,0.031,0.031,0.906
11263,73 10 reasons you should never buy this gadget,3,3,0.063,0.063,0.063,0.812
35030,84 Treneris aiškino naują gynybos taktiką po rungtynių (Berlin),7,0,0.904,0.033,0.032,0.032
33527,98 Didelė saugumo spraga paveikė milijonus vartotojų,6,0,0.893,0.036,0.036,0.036
1607,47 Šis triukas pakeis jūsų gyvenimą amžiams,5,3,0.042,0.042,0.042,0.875
11931,3 This trick will change your life forever,4,3,0.05,0.05,0.05,0.85
17243,Kaip pagreitinti kompiuterį paprastais triukais dėl rinkos reakcijos (Berlin),5,1,0.042,0.874,0.042,0.042
1624,„Apple“ pristatė naują iPhone su pažangia kamera ir DI funkcijomis in a surprise move (Berlin),10,1,0.023,0.93,0.024,0.023
11518,58 Local team wins national championship in overtime dėl rinkos reakcijos,6,1,0.036,0.893,0.036,0.036
34595,12 Earnings beat expectations as revenue grows in cloud segment,7,0,0.906,0.031,0.031,0.031
66,Messi įmušė įspūdingą įvartį Lygų taurėje,6,2,0.036,0.036,0.893,0.036
3734,How to speed up your computer with simple tweaks (Madrid),5,1,0.042,0.874,0.042,0.042
13363,19 Apple unveils a new iPhone with advanced camera and AI features as markets react,8,2,0.028,0.029,0.915,0.028
7082,40 Messi scores a stunning goal in the Champions League match (Paris),8,2,0.028,0.028,0.916,0.028
4576,78 Didelė saugumo spraga paveikė milijonus vartotojų,6,0,0.893,0.036,0.036,0.036
31465,"83 Negalėsite patikėti, kas įvyko toliau",4,2,0.051,0.05,0.849,0.05
26686,70 Top 7 secrets companies don't want you to know,5,3,0.042,0.042,0.042,0.875
21479,„Apple“ pristatė naują iPhone su pažangia kamera ir DI funkcijomis analitikų teigimu (Vilnius),9,1,0.026,0.924,0.026,0.025
30808,39 Analysts predict record profits for the banking sector,6,0,0.892,0.036,0.036,0.036
9368,"Top 7 paslaptys, kurias įmonės nenori, kad žinotumėte — Read more (London)",6,2,0.037,0.036,0.89,0.037
1298,20 Investors hedge inflation risk using index-linked bonds,8,2,0.028,0.028,0.917,0.028
40925,75 You won't believe what happened next — You won't believe it,5,1,0.042,0.875,0.042,0.042
1429,50 Šis triukas pakeis jūsų gyvenimą amžiams,5,3,0.042,0.042,0.042,0.875
39164,65 10 reasons you should never buy this gadget,3,3,0.063,0.063,0.063,0.812
15450,Coach explains new defensive tactics after the game analitikų teigimu (New York),8,3,0.028,0.028,0.028,0.916
39062,36 This trick will change your life forever,4,3,0.05,0.05,0.05,0.85
31764,82 Earnings beat expectations as revenue grows in cloud segment,7,0,0.906,0.031,0.031,0.031
1694,Startuolis pritraukė 50 mln. USD DI platformos plėtrai in a surprise move,8,3,0.028,0.028,0.028,0.916
17888,"Ji padarė X — kas nutiks toliau, pribloškia — Find out why (London)",6,0,0.892,0.036,0.036,0.036
8692,39 Top 7 secrets companies don't want you to know,5,3,0.042,0.042,0.042,0.875
18427,"93 Central bank cuts rates, markets rally on dovish guidance",8,0,0.917,0.028,0.028,0.028
15557,27 Analysts predict record profits for the banking sector analitikų teigimu,6,0,0.892,0.036,0.036,0.036
9540,This trick will change your life forever — Number 5 is shocking (New York),8,3,0.028,0.028,0.028,0.916
236,Investors hedge inflation risk using index-linked bonds analitikų teigimu,8,2,0.028,0.028,0.917,0.028
21805,Earnings beat expectations as revenue grows in cloud segment po pranešimo (Vilnius),8,0,0.916,0.028,0.028,0.028
48144,87 Atviro kodo bibliotekos pagreitina mašininio mokymosi procesus (London),8,0,0.916,0.028,0.028,0.028
15907,41 You won't believe what happened next,3,1,0.063,0.812,0.063,0.063
41147,55 Analysts predict record profits for the banking sector,6,0,0.892,0.036,0.036,0.036
7509,52 Apple unveils a new iPhone with advanced camera and AI features,8,2,0.028,0.029,0.915,0.028
8215,51 Transfer rumors suggest a record deal for the young striker,7,3,0.032,0.031,0.031,0.906
28292,19 Messi scores a stunning goal in the Champions League match,7,2,0.031,0.031,0.906,0.031
3541,Startuolis pritraukė 50 mln. USD DI platformos plėtrai in a surprise move (New York),10,3,0.023,0.023,0.023,0.931
2462,Vietos komanda laimėjo nacionalinį čempionatą pratęsimuose dėl rinkos reakcijos,6,0,0.893,0.036,0.036,0.036
44877,This trick will change your life forever — Find out why (New York),6,3,0.036,0.036,0.036,0.891
48970,"92 10 priežasčių, kodėl niekada nepirkti šio daikto",6,2,0.036,0.036,0.893,0.036
11651,49 You won't believe what happened next (Kaunas),4,1,0.05,0.849,0.05,0.051
1015,Treneris aiškino naują gynybos taktiką po rungtynių dėl rinkos reakcijos (New York),8,0,0.913,0.029,0.029,0.029
1204,19 Major security breach affects millions of users worldwide,7,0,0.906,0.031,0.031,0.031
1725,Didelė saugumo spraga paveikė milijonus vartotojų analitikų teigimu,6,0,0.893,0.036,0.036,0.036
36541,52 Earnings beat expectations as revenue grows in cloud segment (Vilnius),8,0,0.916,0.028,0.028,0.028
4908,8 Earnings beat expectations as revenue grows in cloud segment,7,0,0.906,0.031,0.031,0.031
33310,4 She did X — what happens next will shock you — Read more,4,0,0.847,0.051,0.051,0.051
43965,68 Messi scores a stunning goal in the Champions League match (Vilnius),8,2,0.028,0.028,0.916,0.028
18911,28 Top 7 secrets companies don't want you to know,5,3,0.042,0.042,0.042,0.875
5579,30 Didelė saugumo spraga paveikė milijonus vartotojų,6,0,0.893,0.036,0.036,0.036
2995,59 This trick will change your life forever,4,3,0.05,0.05,0.05,0.85
13312,36 Žvaigždė pasirašė daugiametę sutartį su klubu,5,1,0.042,0.875,0.042,0.042
12155,37 You won't believe what happened next,3,1,0.063,0.812,0.063,0.063
9705,70 You won't believe what happened next (Vilnius),4,1,0.053,0.846,0.051,0.05
46927,76 She did X — what happens next will shock you (Paris),4,0,0.848,0.051,0.051,0.051
26006,76 You won't believe what happened next,3,1,0.063,0.812,0.063,0.063
566,Start-up raises $50 million to scale its AI platform (London),7,1,0.032,0.905,0.032,0.032
30179,2 Open-source libraries accelerate machine learning workflows,7,3,0.031,0.031,0.031,0.906
916,Investors hedge inflation risk using index-linked bonds amid concerns,10,2,0.023,0.023,0.932,0.023
43255,63 Vietos komanda laimėjo nacionalinį čempionatą pratęsimuose,6,0,0.893,0.036,0.036,0.036
6217,72 Earnings beat expectations as revenue grows in cloud segment,7,0,0.906,0.031,0.031,0.031
1752,Open-source libraries accelerate machine learning workflows amid concerns,9,3,0.025,0.025,0.225,0.725
8154,59 Stock market falls amid inflation concerns po pranešimo (Berlin),7,2,0.031,0.032,0.905,0.031
49770,49 You won't believe what happened next (New York),5,1,0.042,0.871,0.043,0.044
29396,"100 Central bank cuts rates, markets rally on dovish guidance",8,0,0.917,0.028,0.028,0.028
306,Stock market falls amid inflation concerns (London),7,2,0.032,0.032,0.905,0.032
41139,34 Investors hedge inflation risk using index-linked bonds,8,2,0.028,0.028,0.917,0.028
38126,57 You won't believe what happened next (Paris),4,1,0.051,0.847,0.051,0.051
12643,86 Šis triukas pakeis jūsų gyvenimą amžiams — Find out why (London),6,3,0.036,0.036,0.036,0.892
8323,76 Atviro kodo bibliotekos pagreitina mašininio mokymosi procesus,7,0,0.906,0.031,0.031,0.031
45030,68 Žvaigždė pasirašė daugiametę sutartį su klubu po pranešimo,5,1,0.042,0.875,0.042,0.042
11379,"27 10 priežasčių, kodėl niekada nepirkti šio daikto",6,2,0.036,0.036,0.893,0.036
23751,46 „Apple“ pristatė naują iPhone su pažangia kamera ir DI funkcijomis,8,1,0.028,0.916,0.028,0.028
33,This trick will change your life forever,4,3,0.05,0.05,0.05,0.85
5144,Local team wins national championship in overtime analitikų teigimu,6,1,0.036,0.893,0.036,0.036
31237,50 Top 7 secrets companies don't want you to know,5,3,0.042,0.042,0.042,0.875
49727,Coach explains new defensive tactics after the game amid concerns (London),9,3,0.025,0.025,0.26,0.689
37925,93 Local team wins national championship in overtime,6,1,0.036,0.893,0.036,0.036
3211,23 Coach explains new defensive tactics after the game,6,3,0.036,0.036,0.036,0.892
26065,74 Didelė saugumo spraga paveikė milijonus vartotojų,6,0,0.893,0.036,0.036,0.036
26496,2 Coach explains new defensive tactics after the game,6,3,0.036,0.036,0.036,0.892
4999,26 Local team wins national championship in overtime analitikų teigimu,6,1,0.036,0.893,0.036,0.036
22404,"82 Top 7 paslaptys, kurias įmonės nenori, kad žinotumėte — Number 5 is shocking",6,2,0.036,0.036,0.607,0.321
46409,94 Open-source libraries accelerate machine learning workflows,7,3,0.031,0.031,0.031,0.906
29329,13 Local team wins national championship in overtime,6,1,0.036,0.893,0.036,0.036
3547,78 Star player signs a multi-year contract with club in a surprise move,8,3,0.028,0.028,0.028,0.916
20589,"31 Top 7 paslaptys, kurias įmonės nenori, kad žinotumėte",4,2,0.05,0.05,0.85,0.05
48348,74 This trick will change your life forever — Number 5 is shocking,6,3,0.036,0.036,0.036,0.893
14065,This trick will change your life forever — Find out why (London),5,3,0.042,0.042,0.042,0.874
17815,82 Analysts predict record profits for the banking sector,6,0,0.892,0.036,0.036,0.036
44621,52 This trick will change your life forever (Paris),5,3,0.042,0.042,0.042,0.874
2209,Coach explains new defensive tactics after the game dėl rinkos reakcijos (London),7,3,0.032,0.032,0.032,0.905
12903,63 Investors hedge inflation risk using index-linked bonds,8,2,0.028,0.028,0.917,0.028
4144,Messi scores a stunning goal in the Champions League match analitikų teigimu (Madrid),8,2,0.028,0.028,0.916,0.028
21587,58 You won't believe what happened next (Berlin),4,1,0.05,0.848,0.051,0.051
42884,Treneris aiškino naują gynybos taktiką po rungtynių — analysts say (Kaunas),7,0,0.905,0.032,0.031,0.032
49014,94 Earnings beat expectations as revenue grows in cloud segment,7,0,0.906,0.031,0.031,0.031
14298,Messi įmušė įspūdingą įvartį Lygų taurėje po pranešimo (New York),8,2,0.028,0.028,0.915,0.029
41312,9 Žvaigždė pasirašė daugiametę sutartį su klubu (Paris),6,1,0.036,0.892,0.036,0.036
26377,14 Start-up raises $50 million to scale its AI platform (Paris),7,1,0.032,0.905,0.032,0.032
3070,Šis triukas pakeis jūsų gyvenimą amžiams — You won't believe it (New York),9,3,0.025,0.265,0.025,0.684
30040,66 Treneris aiškino naują gynybos taktiką po rungtynių dėl rinkos reakcijos,6,0,0.892,0.036,0.036,0.036
2227,Didelė saugumo spraga paveikė milijonus vartotojų as markets react,6,0,0.893,0.036,0.036,0.036
718,Treneris aiškino naują gynybos taktiką po rungtynių — analysts say,6,0,0.892,0.036,0.036,0.036
36168,79 Apple unveils a new iPhone with advanced camera and AI features analitikų teigimu,8,2,0.028,0.029,0.915,0.028
5232,33 Coach explains new defensive tactics after the game,6,3,0.036,0.036,0.036,0.892
8380,95 Vietos komanda laimėjo nacionalinį čempionatą pratęsimuose,6,0,0.893,0.036,0.036,0.036
9679,2 Perėjimų gandai: jaunas puolėjas gali kainuoti rekordą,7,2,0.031,0.031,0.906,0.031
103,She did X — what happens next will shock you (Berlin),4,0,0.843,0.053,0.052,0.052
653,Vietos komanda laimėjo nacionalinį čempionatą pratęsimuose (Paris),7,0,0.905,0.032,0.031,0.032
45835,56 This trick will change your life forever (London),5,3,0.042,0.042,0.042,0.874
7336,81 Major security breach affects millions of users worldwide,7,0,0.906,0.031,0.031,0.031
10589,Vietos komanda laimėjo nacionalinį čempionatą pratęsimuose in a surprise move (Vilnius),8,0,0.916,0.028,0.028,0.028
11328,25 Messi įmušė įspūdingą įvartį Lygų taurėje (London),7,2,0.032,0.032,0.905,0.032
20224,Messi scores a stunning goal in the Champions League match amid concerns (London),10,2,0.023,0.023,0.931,0.023
19620,87 She did X — what happens next will shock you,3,0,0.812,0.063,0.063,0.063
9211,45 Open-source libraries accelerate machine learning workflows,7,3,0.031,0.031,0.031,0.906
5278,Apple unveils a new iPhone with advanced camera and AI features in a surprise move,9,2,0.025,0.026,0.924,0.025
3960,67 Stock market falls amid inflation concerns,6,2,0.036,0.036,0.893,0.036
38195,Start-up raises $50 million to scale its AI platform as markets react (Berlin),7,1,0.031,0.905,0.032,0.031
119,63 This trick will change your life forever,4,3,0.05,0.05,0.05,0.85
49953,Stock market falls amid inflation concerns analitikų teigimu (New York),8,2,0.028,0.028,0.915,0.029
6838,Atviro kodo bibliotekos pagreitina mašininio mokymosi procesus (Paris),8,0,0.916,0.028,0.028,0.028
24068,76 10 reasons you should never buy this gadget,3,3,0.063,0.063,0.063,0.812
33328,"Central bank cuts rates, markets rally on dovish guidance in a surprise move (Vilnius)",10,0,0.931,0.023,0.023,0.023
13032,44 Earnings beat expectations as revenue grows in cloud segment,7,0,0.906,0.031,0.031,0.031
37136,Atviro kodo bibliotekos pagreitina mašininio mokymosi procesus analitikų teigimu (New York),9,0,0.922,0.026,0.026,0.026
40792,28 Stock market falls amid inflation concerns,6,2,0.036,0.036,0.893,0.036
43128,82 Atviro kodo bibliotekos pagreitina mašininio mokymosi procesus (Kaunas),8,0,0.916,0.028,0.028,0.028
9887,38 Analysts predict record profits for the banking sector,6,0,0.892,0.036,0.036,0.036
34571,"74 10 priežasčių, kodėl niekada nepirkti šio daikto",6,2,0.036,0.036,0.893,0.036
73,Didelė saugumo spraga paveikė milijonus vartotojų,6,0,0.893,0.036,0.036,0.036
8850,6 Investors hedge inflation risk using index-linked bonds (Vilnius),9,2,0.025,0.025,0.924,0.025
6918,"74 Central bank cuts rates, markets rally on dovish guidance",8,0,0.917,0.028,0.028,0.028
36629,"46 Central bank cuts rates, markets rally on dovish guidance",8,0,0.917,0.028,0.028,0.028
5375,Major security breach affects millions of users worldwide (New York),9,0,0.922,0.026,0.026,0.026
19553,39 Treneris aiškino naują gynybos taktiką po rungtynių (Kaunas),7,0,0.905,0.032,0.031,0.032
30927,30 Apple unveils a new iPhone with advanced camera and AI features in a surprise move,9,2,0.025,0.026,0.924,0.025
45581,7 Star player signs a multi-year contract with club (Paris),8,3,0.028,0.028,0.028,0.916
42733,"34 Central bank cuts rates, markets rally on dovish guidance",8,0,0.917,0.028,0.028,0.028
35641,34 Kaip pagreitinti kompiuterį paprastais triukais (Paris),5,1,0.042,0.873,0.042,0.042
38003,16 Apple unveils a new iPhone with advanced camera and AI features (London),9,2,0.025,0.026,0.923,0.026
13471,96 Top 7 secrets companies don't want you to know,5,3,0.042,0.042,0.042,0.875
6302,"92 Negalėsite patikėti, kas įvyko toliau — Find out why",4,2,0.051,0.05,0.849,0.05
39241,Kaip pagreitinti kompiuterį paprastais triukais as markets react (Vilnius),5,1,0.044,0.872,0.042,0.042
12350,67 Žvaigždė pasirašė daugiametę sutartį su klubu after report,5,1,0.042,0.875,0.042,0.042
31312,13 Coach explains new defensive tactics after the game,6,3,0.036,0.036,0.036,0.892
6069,45 Didelė saugumo spraga paveikė milijonus vartotojų,6,0,0.893,0.036,0.036,0.036
3839,80 How to speed up your computer with simple tweaks,4,1,0.05,0.85,0.05,0.05
5510,17 Investors hedge inflation risk using index-linked bonds analitikų teigimu,8,2,0.028,0.028,0.917,0.028
24039,99 Transfer rumors suggest a record deal for the young striker,7,3,0.032,0.031,0.031,0.906
3739,57 Startuolis pritraukė 50 mln. USD DI platformos plėtrai,7,3,0.031,0.032,0.031,0.906
27595,81 10 reasons you should never buy this gadget,3,3,0.063,0.063,0.063,0.812
2160,28 This trick will change your life forever (Kaunas),5,3,0.042,0.043,0.042,0.873
26287,"48 Negalėsite patikėti, kas įvyko toliau",4,2,0.051,0.05,0.849,0.05
365,28 Local team wins national championship in overtime,6,1,0.036,0.893,0.036,0.036
11964,27 Vietos komanda laimėjo nacionalinį čempionatą pratęsimuose (Vilnius),7,0,0.906,0.031,0.031,0.031
23210,"57 Top 7 paslaptys, kurias įmonės nenori, kad žinotumėte — Find out why (Paris)",5,2,0.042,0.042,0.872,0.043
20448,89 Stock market falls amid inflation concerns,6,2,0.036,0.036,0.893,0.036
34547,44 „Apple“ pristatė naują iPhone su pažangia kamera ir DI funkcijomis (Berlin),9,1,0.025,0.924,0.026,0.025
10935,This trick will change your life forever — Find out why (Madrid),5,3,0.042,0.043,0.042,0.873
6078,"Negalėsite patikėti, kas įvyko toliau — Find out why (Paris)",5,2,0.043,0.042,0.872,0.043
13329,43 Treneris aiškino naują gynybos taktiką po rungtynių (London),7,0,0.905,0.032,0.031,0.032
9104,56 Perėjimų gandai: jaunas puolėjas gali kainuoti rekordą dėl rinkos reakcijos,7,2,0.031,0.031,0.906,0.031
32745,67 „Apple“ pristatė naują iPhone su pažangia kamera ir DI funkcijomis,8,1,0.028,0.916,0.028,0.028
18868,88 Open-source libraries accelerate machine learning workflows (Paris),8,3,0.028,0.028,0.028,0.916
26766,79 You won't believe what happened next (London),4,1,0.051,0.847,0.051,0.051
29366,"55 Ji padarė X — kas nutiks toliau, pribloškia — You won't believe it (Paris)",8,0,0.665,0.279,0.028,0.028
38922,14 10 reasons you should never buy this gadget,3,3,0.063,0.063,0.063,0.812
621,Žvaigždė pasirašė daugiametę sutartį su klubu po pranešimo,5,1,0.042,0.875,0.042,0.042
21843,53 „Apple“ pristatė naują iPhone su pažangia kamera ir DI funkcijomis (Paris),9,1,0.025,0.924,0.025,0.025
20977,82 Top 7 secrets companies don't want you to know,5,3,0.042,0.042,0.042,0.875
32578,Stock market falls amid inflation concerns as markets react (Berlin),7,2,0.031,0.032,0.905,0.031
43459,79 Vietos komanda laimėjo nacionalinį čempionatą pratęsimuose (Vilnius),7,0,0.906,0.031,0.031,0.031
13137,59 Atviro kodo bibliotekos pagreitina mašininio mokymosi procesus amid concerns,9,0,0.921,0.025,0.029,0.025
23700,80 Messi įmušė įspūdingą įvartį Lygų taurėje (Paris),7,2,0.032,0.032,0.905,0.032
9409,"29 10 priežasčių, kodėl niekada nepirkti šio daikto — Read more",7,2,0.031,0.031,0.906,0.031
4959,37 Stock market falls amid inflation concerns amid concerns (Berlin),9,2,0.025,0.025,0.924,0.025
18330,"89 Negalėsite patikėti, kas įvyko toliau — Find out why",4,2,0.051,0.05,0.849,0.05
1849,18 Atviro kodo bibliotekos pagreitina mašininio mokymosi procesus,7,0,0.906,0.031,0.031,0.031
1373,"Central bank cuts rates, markets rally on dovish guidance (Madrid)",9,0,0.924,0.025,0.025,0.025
8193,75 Start-up raises $50 million to scale its AI platform,6,1,0.036,0.893,0.036,0.036
48215,64 10 reasons you should never buy this gadget (Vilnius),4,3,0.246,0.051,0.052,0.651
8941,"12 Central bank cuts rates, markets rally on dovish guidance",8,0,0.917,0.028,0.028,0.028
10970,82 Messi įmušė įspūdingą įvartį Lygų taurėje,6,2,0.036,0.036,0.893,0.036
33095,43 Open-source libraries accelerate machine learning workflows,7,3,0.031,0.031,0.031,0.906
19,Start-up raises $50 million to scale its AI platform (Madrid),7,1,0.031,0.905,0.032,0.031
20772,Earnings beat expectations as revenue grows in cloud segment amid concerns (Kaunas),10,0,0.928,0.023,0.026,0.023
3169,57 Investors hedge inflation risk using index-linked bonds,8,2,0.028,0.028,0.917,0.028
13576,54 Investors hedge inflation risk using index-linked bonds,8,2,0.028,0.028,0.917,0.028
13955,66 Open-source libraries accelerate machine learning workflows,7,3,0.031,0.031,0.031,0.906
7798,Perėjimų gandai: jaunas puolėjas gali kainuoti rekordą as markets react (Madrid),8,2,0.028,0.028,0.916,0.028
8443,69 Perėjimų gandai: jaunas puolėjas gali kainuoti rekordą,7,2,0.031,0.031,0.906,0.031
1198,Local team wins national championship in overtime po pranešimo,6,1,0.036,0.893,0.036,0.036
643,Kaip pagreitinti kompiuterį paprastais triukais (Madrid),5,1,0.042,0.874,0.042,0.042
29330,84 How to speed up your computer with simple tweaks,4,1,0.05,0.85,0.05,0.05
6366,Šis triukas pakeis jūsų gyvenimą amžiams (Madrid),6,3,0.036,0.036,0.036,0.891
7098,70 She did X — what happens next will shock you,3,0,0.812,0.063,0.063,0.063
4596,88 Coach explains new defensive tactics after the game,6,3,0.036,0.036,0.036,0.892
3740,Šis triukas pakeis jūsų gyvenimą amžiams — Find out why (New York),7,3,0.031,0.032,0.032,0.905
24754,"20 Central bank cuts rates, markets rally on dovish guidance",8,0,0.917,0.028,0.028,0.028
44100,63 Transfer rumors suggest a record deal for the young striker po pranešimo,7,3,0.032,0.031,0.031,0.906
41797,Kaip pagreitinti kompiuterį paprastais triukais amid concerns (Kaunas),7,1,0.032,0.635,0.302,0.031
24037,31 Šis triukas pakeis jūsų gyvenimą amžiams (London),6,3,0.036,0.036,0.036,0.892
2938,"Top 7 paslaptys, kurias įmonės nenori, kad žinotumėte (New York)",6,2,0.036,0.037,0.89,0.037
19902,"19 10 priežasčių, kodėl niekada nepirkti šio daikto — You won't believe it",8,2,0.028,0.25,0.694,0.028
26966,47 How to speed up your computer with simple tweaks,4,1,0.05,0.85,0.05,0.05
39129,"Central bank cuts rates, markets rally on dovish guidance amid concerns (Madrid)",11,0,0.935,0.021,0.023,0.021
27034,69 Top 7 secrets companies don't want you to know,5,3,0.042,0.042,0.042,0.875
32645,12 This trick will change your life forever,4,3,0.05,0.05,0.05,0.85
27903,17 Start-up raises $50 million to scale its AI platform,6,1,0.036,0.893,0.036,0.036
25734,Startuolis pritraukė 50 mln. USD DI platformos plėtrai analitikų teigimu (Paris),8,3,0.028,0.028,0.028,0.916
18078,Major security breach affects millions of users worldwide analitikų teigimu (Madrid),8,0,0.916,0.028,0.028,0.028
11153,90 Top 7 secrets companies don't want you to know (Kaunas),6,3,0.036,0.036,0.036,0.892
29762,"96 Top 7 paslaptys, kurias įmonės nenori, kad žinotumėte (London)",5,2,0.043,0.042,0.872,0.043
3668,11 Messi scores a stunning goal in the Champions League match,7,2,0.031,0.031,0.906,0.031
39488,69 Transfer rumors suggest a record deal for the young striker,7,3,0.032,0.031,0.031,0.906
29264,Šis triukas pakeis jūsų gyvenimą amžiams — Number 5 is shocking (Madrid),8,3,0.028,0.028,0.028,0.916
80,Start-up raises $50 million to scale its AI platform,6,1,0.036,0.893,0.036,0.036
2246,2 Messi įmušė įspūdingą įvartį Lygų taurėje,6,2,0.036,0.036,0.893,0.036
43458,41 Kaip pagreitinti kompiuterį paprastais triukais,4,1,0.05,0.85,0.05,0.05
30382,"10 Top 7 paslaptys, kurias įmonės nenori, kad žinotumėte",4,2,0.05,0.05,0.85,0.05
1876,32 Šis triukas pakeis jūsų gyvenimą amžiams — Find out why,5,3,0.042,0.042,0.042,0.875
25056,52 Stock market falls amid inflation concerns after report,6,2,0.036,0.036,0.893,0.036
17571,How to speed up your computer with simple tweaks amid concerns (Vilnius),7,1,0.032,0.606,0.331,0.031
1518,Apple unveils a new iPhone with advanced camera and AI features amid concerns,10,2,0.023,0.023,0.931,0.023
33605,75 How to speed up your computer with simple tweaks,4,1,0.05,0.85,0.05,0.05
38673,66 Perėjimų gandai: jaunas puolėjas gali kainuoti rekordą dėl rinkos reakcijos,7,2,0.031,0.031,0.906,0.031
48621,41 She did X — what happens next will shock you,3,0,0.812,0.063,0.063,0.063
6693,Star player signs a multi-year contract with club dėl rinkos reakcijos (New York),9,3,0.025,0.025,0.025,0.924
8784,99 Top 7 secrets companies don't want you to know,5,3,0.042,0.042,0.042,0.875
41786,7 „Apple“ pristatė naują iPhone su pažangia kamera ir DI funkcijomis,8,1,0.028,0.916,0.028,0.028
26342,15 Apple unveils a new iPhone with advanced camera and AI features (Paris),9,2,0.025,0.026,0.923,0.026
45645,68 Stock market falls amid inflation concerns dėl rinkos reakcijos,6,2,0.036,0.036,0.893,0.036
42975,11 Didelė saugumo spraga paveikė milijonus vartotojų dėl rinkos reakcijos (Vilnius),7,0,0.906,0.031,0.031,0.031
46906,23 This trick will change your life forever (Paris),5,3,0.042,0.042,0.042,0.874
41077,83 Atviro kodo bibliotekos pagreitina mašininio mokymosi procesus,7,0,0.906,0.031,0.031,0.031
264,71 „Apple“ pristatė naują iPhone su pažangia kamera ir DI funkcijomis,8,1,0.028,0.916,0.028,0.028
8729,3 Perėjimų gandai: jaunas puolėjas gali kainuoti rekordą,7,2,0.031,0.031,0.906,0.031
7330,81 She did X — what happens next will shock you,3,0,0.812,0.063,0.063,0.063
48521,96 Investors hedge inflation risk using index-linked bonds (Berlin),9,2,0.025,0.025,0.925,0.025
7513,45 This trick will change your life forever,4,3,0.05,0.05,0.05,0.85
303,Open-source libraries accelerate machine learning workflows (Berlin),8,3,0.028,0.028,0.028,0.916
16603,"59 10 priežasčių, kodėl niekada nepirkti šio daikto",6,2,0.036,0.036,0.893,0.036
11148,How to speed up your computer with simple tweaks analitikų teigimu (London),5,1,0.042,0.873,0.042,0.043
30290,2 This trick will change your life forever (Berlin),5,3,0.042,0.042,0.042,0.874
39939,72 Coach explains new defensive tactics after the game,6,3,0.036,0.036,0.036,0.892
22198,"26 Top 7 paslaptys, kurias įmonės nenori, kad žinotumėte (Berlin)",5,2,0.042,0.042,0.874,0.042
1775,"Ji padarė X — kas nutiks toliau, pribloškia — Number 5 is shocking (Berlin)",8,0,0.639,0.028,0.029,0.304
35126,"7 10 priežasčių, kodėl niekada nepirkti šio daikto — You won't believe it (Berlin)",9,2,0.025,0.25,0.7,0.025
46910,"25 Ji padarė X — kas nutiks toliau, pribloškia — Number 5 is shocking (Berlin)",8,0,0.639,0.028,0.029,0.304
19006,You won't believe what happened next — You won't believe it (New York),7,1,0.032,0.904,0.032,0.032
30800,Stock market falls amid inflation concerns po pranešimo (Madrid),7,2,0.032,0.032,0.905,0.031
3497,This trick will change your life forever (Berlin),5,3,0.042,0.042,0.042,0.874
716,Perėjimų gandai: jaunas puolėjas gali kainuoti rekordą (New York),9,2,0.025,0.026,0.924,0.026
34286,"7 Central bank cuts rates, markets rally on dovish guidance",8,0,0.917,0.028,0.028,0.028
10698,60 10 reasons you should never buy this gadget (Vilnius),4,3,0.246,0.051,0.052,0.651
272,"Ji padarė X — kas nutiks toliau, pribloškia — Find out why",5,0,0.875,0.042,0.042,0.042
9466,45 Treneris aiškino naują gynybos taktiką po rungtynių,6,0,0.892,0.036,0.036,0.036
41526,38 She did X — what happens next will shock you — Read more,4,0,0.847,0.051,0.051,0.051
26028,83 This trick will change your life forever,4,3,0.05,0.05,0.05,0.85
5381,How to speed up your computer with simple tweaks po pranešimo (Madrid),5,1,0.042,0.874,0.042,0.042
2079,63 Top 7 secrets companies don't want you to know,5,3,0.042,0.042,0.042,0.875
31056,61 Apple unveils a new iPhone with advanced camera and AI features,8,2,0.028,0.029,0.915,0.028
5180,Apple unveils a new iPhone with advanced camera and AI features as markets react,8,2,0.028,0.029,0.915,0.028
15485,40 This trick will change your life forever,4,3,0.05,0.05,0.05,0.85
3542,Messi įmušė įspūdingą įvartį Lygų taurėje amid concerns (New York),10,2,0.023,0.023,0.931,0.023
31605,32 Analysts predict record profits for the banking sector po pranešimo,6,0,0.892,0.036,0.036,0.036
5163,60 You won't believe what happened next,3,1,0.063,0.812,0.063,0.063
19389,58 You won't believe what happened next,3,1,0.063,0.812,0.063,0.063
37937,50 Šis triukas pakeis jūsų gyvenimą amžiams — You won't believe it,7,3,0.031,0.281,0.031,0.656
7433,"53 Ji padarė X — kas nutiks toliau, pribloškia",5,0,0.875,0.042,0.042,0.042
21254,"Top 7 paslaptys, kurias įmonės nenori, kad žinotumėte — Find out why (Madrid)",5,2,0.042,0.042,0.873,0.042
40718,72 Kaip pagreitinti kompiuterį paprastais triukais,4,1,0.05,0.85,0.05,0.05
1000,3 Earnings beat expectations as revenue grows in cloud segment,7,0,0.906,0.031,0.031,0.031
30887,17 You won't believe what happened next — Number 5 is shocking (Paris),6,1,0.036,0.54,0.036,0.388
32620,Messi įmušė įspūdingą įvartį Lygų taurėje as markets react (New York),8,2,0.028,0.028,0.915,0.029
854,10 reasons you should never buy this gadget — Find out why (London),4,3,0.051,0.051,0.05,0.848
21559,83 Kaip pagreitinti kompiuterį paprastais triukais — analysts say,4,1,0.05,0.85,0.05,0.05
28757,Vietos komanda laimėjo nacionalinį čempionatą pratęsimuose amid concerns (London),9,0,0.921,0.025,0.029,0.025
37887,2 Vietos komanda laimėjo nacionalinį čempionatą pratęsimuose,6,0,0.893,0.036,0.036,0.036
21941,"40 Ji padarė X — kas nutiks toliau, pribloškia",5,0,0.875,0.042,0.042,0.042
2258,Investors hedge inflation risk using index-linked bonds after report,8,2,0.028,0.028,0.917,0.028
20312,"94 Top 7 paslaptys, kurias įmonės nenori, kad žinotumėte",4,2,0.05,0.05,0.85,0.05
4164,Transfer rumors suggest a record deal for the young striker as markets react,7,3,0.032,0.031,0.031,0.906
3273,Treneris aiškino naują gynybos taktiką po rungtynių analitikų teigimu,6,0,0.892,0.036,0.036,0.036
15587,5 Earnings beat expectations as revenue grows in cloud segment,7,0,0.906,0.031,0.031,0.031
44207,45 Local team wins national championship in overtime (Berlin),7,1,0.031,0.906,0.032,0.031
31428,Startuolis pritraukė 50 mln. USD DI platformos plėtrai po pranešimo (Paris),8,3,0.028,0.028,0.028,0.916
47356,"96 Top 7 paslaptys, kurias įmonės nenori, kad žinotumėte",4,2,0.05,0.05,0.85,0.05
28364,Startuolis pritraukė 50 mln. USD DI platformos plėtrai as markets react (Berlin),8,3,0.028,0.028,0.028,0.916
932,Analysts predict record profits for the banking sector (New York),8,0,0.913,0.029,0.029,0.03
37285,64 You won't believe what happened next,3,1,0.063,0.812,0.063,0.063
47402,20 Stock market falls amid inflation concerns,6,2,0.036,0.036,0.893,0.036
27810,31 You won't believe what happened next,3,1,0.063,0.812,0.063,0.063
4190,10 Earnings beat expectations as revenue grows in cloud segment,7,0,0.906,0.031,0.031,0.031
25655,25 Major security breach affects millions of users worldwide (Vilnius),8,0,0.916,0.028,0.028,0.028
4054,Star player signs a multi-year contract with club after report (Madrid),8,3,0.028,0.028,0.028,0.916
20983,13 Didelė saugumo spraga paveikė milijonus vartotojų (Kaunas),7,0,0.905,0.032,0.031,0.032
41193,16 Messi įmušė įspūdingą įvartį Lygų taurėje,6,2,0.036,0.036,0.893,0.036
15680,41 Earnings beat expectations as revenue grows in cloud segment amid concerns,9,0,0.921,0.025,0.029,0.025
27366,68 Start-up raises $50 million to scale its AI platform,6,1,0.036,0.893,0.036,0.036
10048,Transfer rumors suggest a record deal for the young striker (New York),9,3,0.025,0.025,0.025,0.924
12630,52 Apple unveils a new iPhone with advanced camera and AI features — analysts say,8,2,0.028,0.029,0.915,0.028
43655,38 This trick will change your life forever — You won't believe it,6,3,0.036,0.321,0.036,0.607
10363,34 Stock market falls amid inflation concerns (Kaunas),7,2,0.032,0.032,0.905,0.032
1216,47 She did X — what happens next will shock you (London),4,0,0.848,0.051,0.05,0.051
32993,61 10 reasons you should never buy this gadget,3,3,0.063,0.063,0.063,0.812
13628,57 Analysts predict record profits for the banking sector,6,0,0.892,0.036,0.036,0.036
2551,7 Kaip pagreitinti kompiuterį paprastais triukais dėl rinkos reakcijos (New York),6,1,0.036,0.89,0.037,0.037
34143,Investors hedge inflation risk using index-linked bonds dėl rinkos reakcijos (Vilnius),9,2,0.025,0.025,0.924,0.025
30002,38 How to speed up your computer with simple tweaks,4,1,0.05,0.85,0.05,0.05
27799,53 Stock market falls amid inflation concerns analitikų teigimu,6,2,0.036,0.036,0.893,0.036
8554,"Negalėsite patikėti, kas įvyko toliau (Vilnius)",5,2,0.044,0.042,0.872,0.042
6443,22 Major security breach affects millions of users worldwide,7,0,0.906,0.031,0.031,0.031
31975,74 Top 7 secrets companies don't want you to know,5,3,0.042,0.042,0.042,0.875
9077,78 This trick will change your life forever — Number 5 is shocking,6,3,0.036,0.036,0.036,0.893
44600,This trick will change your life forever — Read more (Madrid),6,3,0.037,0.037,0.037,0.89
3627,"17 10 priežasčių, kodėl niekada nepirkti šio daikto — Read more (Berlin)",8,2,0.028,0.028,0.916,0.028
31037,„Apple“ pristatė naują iPhone su pažangia kamera ir DI funkcijomis amid concerns (Madrid),11,1,0.021,0.719,0.239,0.021
19178,2 Stock market falls amid inflation concerns,6,2,0.036,0.036,0.893,0.036
41819,66 Investors hedge inflation risk using index-linked bonds,8,2,0.028,0.028,0.917,0.028
445,Top 7 secrets companies don't want you to know (London),6,3,0.036,0.036,0.036,0.892
43831,72 Startuolis pritraukė 50 mln. USD DI platformos plėtrai (Kaunas),8,3,0.028,0.028,0.028,0.916
10871,70 Open-source libraries accelerate machine learning workflows,7,3,0.031,0.031,0.031,0.906
70,Analysts predict record profits for the banking sector (London),7,0,0.905,0.031,0.031,0.032
19912,29 Stock market falls amid inflation concerns,6,2,0.036,0.036,0.893,0.036
16170,100 Messi įmušė įspūdingą įvartį Lygų taurėje po pranešimo,6,2,0.036,0.036,0.893,0.036
37739,37 Didelė saugumo spraga paveikė milijonus vartotojų,6,0,0.893,0.036,0.036,0.036
4435,98 Apple unveils a new iPhone with advanced camera and AI features,8,2,0.028,0.029,0.915,0.028
7786,Messi įmušė įspūdingą įvartį Lygų taurėje po pranešimo (Madrid),7,2,0.031,0.032,0.905,0.031
4633,12 Perėjimų gandai: jaunas puolėjas gali kainuoti rekordą (New York),9,2,0.025,0.026,0.924,0.026
13344,Messi įmušė įspūdingą įvartį Lygų taurėje in a surprise move,7,2,0.031,0.031,0.906,0.031
10769,18 Didelė saugumo spraga paveikė milijonus vartotojų dėl rinkos reakcijos,6,0,0.893,0.036,0.036,0.036
9249,8 Messi scores a stunning goal in the Champions League match (Berlin),8,2,0.028,0.028,0.916,0.028
24129,16 Apple unveils a new iPhone with advanced camera and AI features po pranešimo,8,2,0.028,0.029,0.915,0.028
33268,Local team wins national championship in overtime analitikų teigimu (New York),8,1,0.028,0.915,0.028,0.029
38602,Kaip pagreitinti kompiuterį paprastais triukais analitikų teigimu (Paris),5,1,0.042,0.873,0.042,0.042
32611,33 Stock market falls amid inflation concerns,6,2,0.036,0.036,0.893,0.036
8315,"Ji padarė X — kas nutiks toliau, pribloškia — Find out why (Paris)",6,0,0.891,0.036,0.036,0.036
29741,50 She did X — what happens next will shock you,3,0,0.812,0.063,0.063,0.063
40424,71 10 reasons you should never buy this gadget (New York),5,3,0.042,0.043,0.042,0.873
27328,10 reasons you should never buy this gadget — Read more (New York),6,3,0.036,0.037,0.037,0.89
12256,41 Top 7 secrets companies don't want you to know,5,3,0.042,0.042,0.042,0.875
10096,"10 priežasčių, kodėl niekada nepirkti šio daikto — Find out why (Madrid)",7,2,0.031,0.032,0.905,0.031
17771,40 Star player signs a multi-year contract with club,7,3,0.031,0.031,0.031,0.906
23741,Treneris aiškino naują gynybos taktiką po rungtynių amid concerns (Vilnius),9,0,0.921,0.025,0.029,0.025
32654,65 Treneris aiškino naują gynybos taktiką po rungtynių (London),7,0,0.905,0.032,0.031,0.032
8801,91 You won't believe what happened next (London),4,1,0.051,0.847,0.051,0.051
24143,67 Messi scores a stunning goal in the Champions League match,7,2,0.031,0.031,0.906,0.031
3163,Treneris aiškino naują gynybos taktiką po rungtynių (Kaunas),7,0,0.905,0.032,0.031,0.032
43387,12 „Apple“ pristatė naują iPhone su pažangia kamera ir DI funkcijomis,8,1,0.028,0.916,0.028,0.028
14894,50 Star player signs a multi-year contract with club,7,3,0.031,0.031,0.031,0.906
38864,41 Vietos komanda laimėjo nacionalinį čempionatą pratęsimuose (London),7,0,0.906,0.031,0.031,0.032
18558,21 Start-up raises $50 million to scale its AI platform,6,1,0.036,0.893,0.036,0.036
8346,43 Treneris aiškino naują gynybos taktiką po rungtynių amid concerns,8,0,0.911,0.028,0.033,0.028
25449,97 You won't believe what happened next (Berlin),4,1,0.05,0.848,0.051,0.051
45026,85 Vietos komanda laimėjo nacionalinį čempionatą pratęsimuose,6,0,0.893,0.036,0.036,0.036
12469,74 Star player signs a multi-year contract with club po pranešimo,7,3,0.031,0.031,0.031,0.906
1120,86 She did X — what happens next will shock you (Vilnius),4,0,0.849,0.05,0.05,0.05
36552,60 Startuolis pritraukė 50 mln. USD DI platformos plėtrai,7,3,0.031,0.032,0.031,0.906
11193,28 Startuolis pritraukė 50 mln. USD DI platformos plėtrai,7,3,0.031,0.032,0.031,0.906
19632,94 Transfer rumors suggest a record deal for the young striker dėl rinkos reakcijos,7,3,0.032,0.031,0.031,0.906
48942,73 Open-source libraries accelerate machine learning workflows,7,3,0.031,0.031,0.031,0.906
970,Perėjimų gandai: jaunas puolėjas gali kainuoti rekordą (Berlin),8,2,0.028,0.028,0.916,0.028
45713,"58 Negalėsite patikėti, kas įvyko toliau — Find out why",4,2,0.051,0.05,0.849,0.05
21131,62 Start-up raises $50 million to scale its AI platform,6,1,0.036,0.893,0.036,0.036
37313,31 Atviro kodo bibliotekos pagreitina mašininio mokymosi procesus,7,0,0.906,0.031,0.031,0.031
12383,60 Earnings beat expectations as revenue grows in cloud segment (Vilnius),8,0,0.916,0.028,0.028,0.028
3090,47 Apple unveils a new iPhone with advanced camera and AI features (Berlin),9,2,0.025,0.026,0.924,0.025
31650,78 Messi įmušė įspūdingą įvartį Lygų taurėje,6,2,0.036,0.036,0.893,0.036
17655,79 Open-source libraries accelerate machine learning workflows analitikų teigimu,7,3,0.031,0.031,0.031,0.906
4897,21 She did X — what happens next will shock you,3,0,0.812,0.063,0.063,0.063
21,Kaip pagreitinti kompiuterį paprastais triukais — analysts say,4,1,0.05,0.85,0.05,0.05
35258,94 Analysts predict record profits for the banking sector analitikų teigimu,6,0,0.892,0.036,0.036,0.036
18815,13 Stock market falls amid inflation concerns,6,2,0.036,0.036,0.893,0.036
3004,70 Vietos komanda laimėjo nacionalinį čempionatą pratęsimuose,6,0,0.893,0.036,0.036,0.036
16304,53 Atviro kodo bibliotekos pagreitina mašininio mokymosi procesus (Berlin),8,0,0.915,0.028,0.028,0.028
26422,78 Žvaigždė pasirašė daugiametę sutartį su klubu po pranešimo,5,1,0.042,0.875,0.042,0.042
1481,29 Star player signs a multi-year contract with club,7,3,0.031,0.031,0.031,0.906
20736,47 Žvaigždė pasirašė daugiametę sutartį su klubu,5,1,0.042,0.875,0.042,0.042
3362,Žvaigždė pasirašė daugiametę sutartį su klubu amid concerns,7,1,0.032,0.656,0.281,0.031
26186,73 Start-up raises $50 million to scale its AI platform,6,1,0.036,0.893,0.036,0.036
47334,"29 Central bank cuts rates, markets rally on dovish guidance",8,0,0.917,0.028,0.028,0.028
44637,28 Perėjimų gandai: jaunas puolėjas gali kainuoti rekordą dėl rinkos reakcijos (Vilnius),8,2,0.028,0.028,0.916,0.028
5454,"16 Negalėsite patikėti, kas įvyko toliau",4,2,0.051,0.05,0.849,0.05
34024,Kaip pagreitinti kompiuterį paprastais triukais in a surprise move (New York),7,1,0.032,0.903,0.033,0.033
22817,21 Transfer rumors suggest a record deal for the young striker in a surprise move,8,3,0.028,0.028,0.028,0.916
14297,12 Vietos komanda laimėjo nacionalinį čempionatą pratęsimuose (Paris),7,0,0.905,0.032,0.031,0.032
10908,3 Atviro kodo bibliotekos pagreitina mašininio mokymosi procesus analitikų teigimu (Paris),8,0,0.916,0.028,0.028,0.028
2153,50 Analysts predict record profits for the banking sector (London),7,0,0.905,0.031,0.031,0.032
524,10 „Apple“ pristatė naują iPhone su pažangia kamera ir DI funkcijomis,8,1,0.028,0.916,0.028,0.028
34912,95 She did X — what happens next will shock you — Find out why,3,0,0.812,0.063,0.063,0.063
14481,35 She did X — what happens next will shock you (Vilnius),4,0,0.849,0.05,0.05,0.05
13821,37 Messi įmušė įspūdingą įvartį Lygų taurėje,6,2,0.036,0.036,0.893,0.036
8261,25 Top 7 secrets companies don't want you to know,5,3,0.042,0.042,0.042,0.875
8402,Major security breach affects millions of users worldwide po pranešimo (Madrid),8,0,0.916,0.028,0.028,0.028
10802,62 Startuolis pritraukė 50 mln. USD DI platformos plėtrai (Madrid),8,3,0.028,0.029,0.028,0.915
3221,84 Open-source libraries accelerate machine learning workflows in a surprise move (London),9,3,0.025,0.025,0.025,0.924
6046,63 Kaip pagreitinti kompiuterį paprastais triukais,4,1,0.05,0.85,0.05,0.05
13267,41 10 reasons you should never buy this gadget (Kaunas),4,3,0.051,0.051,0.051,0.847
29238,Open-source libraries accelerate machine learning workflows dėl rinkos reakcijos (Madrid),8,3,0.028,0.028,0.028,0.916
1796,100 She did X — what happens next will shock you (New York),5,0,0.865,0.044,0.044,0.046
28256,35 Investors hedge inflation risk using index-linked bonds,8,2,0.028,0.028,0.917,0.028
6446,"20 Ji padarė X — kas nutiks toliau, pribloškia — Number 5 is shocking",7,0,0.656,0.031,0.032,0.281
38913,3 Analysts predict record profits for the banking sector,6,0,0.892,0.036,0.036,0.036
2635,86 Analysts predict record profits for the banking sector,6,0,0.892,0.036,0.036,0.036
10080,78 Kaip pagreitinti kompiuterį paprastais triukais,4,1,0.05,0.85,0.05,0.05
33231,87 Stock market falls amid inflation concerns,6,2,0.036,0.036,0.893,0.036
48854,89 Transfer rumors suggest a record deal for the young striker,7,3,0.032,0.031,0.031,0.906
17966,75 Earnings beat expectations as revenue grows in cloud segment,7,0,0.906,0.031,0.031,0.031
5734,84 Kaip pagreitinti kompiuterį paprastais triukais,4,1,0.05,0.85,0.05,0.05
5650,This trick will change your life forever — Read more (Berlin),6,3,0.036,0.036,0.037,0.891
25086,78 Apple unveils a new iPhone with advanced camera and AI features — analysts say,8,2,0.028,0.029,0.915,0.028
43625,Major security breach affects millions of users worldwide dėl rinkos reakcijos (Madrid),8,0,0.916,0.028,0.028,0.028
6031,You won't believe what happened next — Read more (Madrid),5,1,0.043,0.871,0.043,0.043
12805,Didelė saugumo spraga paveikė milijonus vartotojų in a surprise move (Madrid),8,0,0.915,0.028,0.028,0.028
3962,"91 Central bank cuts rates, markets rally on dovish guidance",8,0,0.917,0.028,0.028,0.028
29925,Stock market falls amid inflation concerns as markets react (Madrid),7,2,0.032,0.032,0.905,0.031
33959,71 Start-up raises $50 million to scale its AI platform analitikų teigimu,6,1,0.036,0.893,0.036,0.036
15928,52 You won't believe what happened next,3,1,0.063,0.812,0.063,0.063
552,Stock market falls amid inflation concerns amid concerns (Berlin),9,2,0.025,0.025,0.924,0.025
26681,38 Earnings beat expectations as revenue grows in cloud segment,7,0,0.906,0.031,0.031,0.031
19308,Start-up raises $50 million to scale its AI platform po pranešimo (Paris),7,1,0.032,0.905,0.032,0.032
2775,16 Apple unveils a new iPhone with advanced camera and AI features (Kaunas),9,2,0.025,0.026,0.923,0.025
9834,25 Stock market falls amid inflation concerns,6,2,0.036,0.036,0.893,0.036
35446,86 Start-up raises $50 million to scale its AI platform — analysts say,6,1,0.036,0.893,0.036,0.036
12994,3 Investors hedge inflation risk using index-linked bonds,8,2,0.028,0.028,0.917,0.028
19717,98 Investors hedge inflation risk using index-linked bonds,8,2,0.028,0.028,0.917,0.028
9831,35 Messi įmušė įspūdingą įvartį Lygų taurėje,6,2,0.036,0.036,0.893,0.036
14843,57 Vietos komanda laimėjo nacionalinį čempionatą pratęsimuose,6,0,0.893,0.036,0.036,0.036
44188,25 Messi scores a stunning goal in the Champions League match (London),8,2,0.028,0.028,0.916,0.028
507,54 Top 7 secrets companies don't want you to know,5,3,0.042,0.042,0.042,0.875
6826,28 Apple unveils a new iPhone with advanced camera and AI features in a surprise move,9,2,0.025,0.026,0.924,0.025
34302,17 Top 7 secrets companies don't want you to know,5,3,0.042,0.042,0.042,0.875
15311,"9 10 priežasčių, kodėl niekada nepirkti šio daikto — You won't believe it",8,2,0.028,0.25,0.694,0.028
10199,16 Major security breach affects millions of users worldwide,7,0,0.906,0.031,0.031,0.031
10877,49 Local team wins national championship in overtime,6,1,0.036,0.893,0.036,0.036
32885,How to speed up your computer with simple tweaks po pranešimo (New York),6,1,0.036,0.89,0.037,0.037
9304,"74 10 priežasčių, kodėl niekada nepirkti šio daikto — Find out why",6,2,0.036,0.036,0.893,0.036
33030,72 How to speed up your computer with simple tweaks,4,1,0.05,0.85,0.05,0.05
112,Stock market falls amid inflation concerns,6,2,0.036,0.036,0.893,0.036
2080,53 Transfer rumors suggest a record deal for the young striker,7,3,0.032,0.031,0.031,0.906
8779,20 This trick will change your life forever,4,3,0.05,0.05,0.05,0.85
210,Didelė saugumo spraga paveikė milijonus vartotojų dėl rinkos reakcijos,6,0,0.893,0.036,0.036,0.036
7004,13 How to speed up your computer with simple tweaks,4,1,0.05,0.85,0.05,0.05
313,Messi scores a stunning goal in the Champions League match (Berlin),8,2,0.028,0.028,0.916,0.028
22788,28 How to speed up your computer with simple tweaks,4,1,0.05,0.85,0.05,0.05
36029,43 You won't believe what happened next (Madrid),4,1,0.051,0.848,0.051,0.05
6510,Vietos komanda laimėjo nacionalinį čempionatą pratęsimuose po pranešimo (New York),8,0,0.913,0.029,0.029,0.029
17568,86 This trick will change your life forever (Kaunas),5,3,0.042,0.043,0.042,0.873
6255,13 You won't believe what happened next (Kaunas),4,1,0.05,0.849,0.05,0.051
25586,66 Analysts predict record profits for the banking sector,6,0,0.892,0.036,0.036,0.036
42620,10 Major security breach affects millions of users worldwide (New York),9,0,0.922,0.026,0.026,0.026
1588,72 Investors hedge inflation risk using index-linked bonds (Madrid),9,2,0.025,0.025,0.925,0.025
42253,25 This trick will change your life forever,4,3,0.05,0.05,0.05,0.85
5656,27 Vietos komanda laimėjo nacionalinį čempionatą pratęsimuose,6,0,0.893,0.036,0.036,0.036
11321,12 Startuolis pritraukė 50 mln. USD DI platformos plėtrai,7,3,0.031,0.032,0.031,0.906
2189,How to speed up your computer with simple tweaks (London),5,1,0.042,0.873,0.042,0.043
40805,93 Major security breach affects millions of users worldwide,7,0,0.906,0.031,0.031,0.031
2350,62 Top 7 secrets companies don't want you to know,5,3,0.042,0.042,0.042,0.875
1550,Atviro kodo bibliotekos pagreitina mašininio mokymosi procesus po pranešimo,7,0,0.906,0.031,0.031,0.031
16082,12 Open-source libraries accelerate machine learning workflows,7,3,0.031,0.031,0.031,0.906
11748,75 Analysts predict record profits for the banking sector,6,0,0.892,0.036,0.036,0.036
16763,46 Kaip pagreitinti kompiuterį paprastais triukais,4,1,0.05,0.85,0.05,0.05
3848,33 Didelė saugumo spraga paveikė milijonus vartotojų,6,0,0.893,0.036,0.036,0.036
7816,42 Coach explains new defensive tactics after the game,6,3,0.036,0.036,0.036,0.892
29727,44 Messi įmušė įspūdingą įvartį Lygų taurėje,6,2,0.036,0.036,0.893,0.036
11781,44 Vietos komanda laimėjo nacionalinį čempionatą pratęsimuose analitikų teigimu,6,0,0.893,0.036,0.036,0.036
360,She did X — what happens next will shock you (Madrid),4,0,0.847,0.051,0.051,0.051
46584,35 Kaip pagreitinti kompiuterį paprastais triukais,4,1,0.05,0.85,0.05,0.05
3656,62 Didelė saugumo spraga paveikė milijonus vartotojų,6,0,0.893,0.036,0.036,0.036
29171,29 Transfer rumors suggest a record deal for the young striker,7,3,0.032,0.031,0.031,0.906
40553,"90 Central bank cuts rates, markets rally on dovish guidance (New York)",10,0,0.93,0.023,0.023,0.024
11889,98 Treneris aiškino naują gynybos taktiką po rungtynių,6,0,0.892,0.036,0.036,0.036
1565,57 Atviro kodo bibliotekos pagreitina mašininio mokymosi procesus,7,0,0.906,0.031,0.031,0.031
28988,97 Start-up raises $50 million to scale its AI platform,6,1,0.036,0.893,0.036,0.036
26025,69 „Apple“ pristatė naują iPhone su pažangia kamera ir DI funkcijomis as markets react (Berlin),9,1,0.025,0.924,0.026,0.025
25567,92 Startuolis pritraukė 50 mln. USD DI platformos plėtrai,7,3,0.031,0.032,0.031,0.906
21265,"Negalėsite patikėti, kas įvyko toliau — Read more (London)",6,2,0.037,0.036,0.889,0.037
48895,68 Stock market falls amid inflation concerns (New York),8,2,0.028,0.028,0.915,0.029
649,53 Local team wins national championship in overtime,6,1,0.036,0.893,0.036,0.036
45167,Investors hedge inflation risk using index-linked bonds in a surprise move (Kaunas),10,2,0.023,0.023,0.931,0.023
13246,36 Startuolis pritraukė 50 mln. USD DI platformos plėtrai,7,3,0.031,0.032,0.031,0.906
29197,61 Atviro kodo bibliotekos pagreitina mašininio mokymosi procesus,7,0,0.906,0.031,0.031,0.031
24168,41 Major security breach affects millions of users worldwide,7,0,0.906,0.031,0.031,0.031
33563,Earnings beat expectations as revenue grows in cloud segment dėl rinkos reakcijos (Kaunas),8,0,0.916,0.028,0.028,0.028
486,Messi scores a stunning goal in the Champions League match — analysts say (Vilnius),8,2,0.028,0.028,0.916,0.028
31107,83 Perėjimų gandai: jaunas puolėjas gali kainuoti rekordą (London),8,2,0.028,0.028,0.916,0.028
32378,55 This trick will change your life forever — Find out why,4,3,0.05,0.05,0.05,0.85
13395,27 10 reasons you should never buy this gadget (New York),5,3,0.042,0.043,0.042,0.873
11515,Apple unveils a new iPhone with advanced camera and AI features in a surprise move (Paris),10,2,0.023,0.024,0.93,0.023
18841,6 Messi scores a stunning goal in the Champions League match,7,2,0.031,0.031,0.906,0.031
10964,"Negalėsite patikėti, kas įvyko toliau (Kaunas)",5,2,0.043,0.043,0.872,0.042
30727,76 Stock market falls amid inflation concerns dėl rinkos reakcijos,6,2,0.036,0.036,0.893,0.036
45787,26 Žvaigždė pasirašė daugiametę sutartį su klubu,5,1,0.042,0.875,0.042,0.042
3440,How to speed up your computer with simple tweaks (Kaunas),5,1,0.042,0.874,0.042,0.042
24535,50 Žvaigždė pasirašė daugiametę sutartį su klubu dėl rinkos reakcijos,5,1,0.042,0.875,0.042,0.042
44059,Investors hedge inflation risk using index-linked bonds after report (Berlin),9,2,0.025,0.025,0.925,0.025
6577,10 Investors hedge inflation risk using index-linked bonds,8,2,0.028,0.028,0.917,0.028
21095,87 „Apple“ pristatė naują iPhone su pažangia kamera ir DI funkcijomis amid concerns,10,1,0.023,0.71,0.244,0.023
18923,84 Transfer rumors suggest a record deal for the young striker,7,3,0.032,0.031,0.031,0.906
9341,Local team wins national championship in overtime as markets react,6,1,0.036,0.893,0.036,0.036
33849,91 Treneris aiškino naują gynybos taktiką po rungtynių,6,0,0.892,0.036,0.036,0.036
45330,2 Open-source libraries accelerate machine learning workflows — analysts say (London),8,3,0.028,0.028,0.028,0.916
31213,99 Atviro kodo bibliotekos pagreitina mašininio mokymosi procesus,7,0,0.906,0.031,0.031,0.031
215,This trick will change your life forever (London),5,3,0.042,0.042,0.042,0.874
5477,26 How to speed up your computer with simple tweaks,4,1,0.05,0.85,0.05,0.05
37082,54 Start-up raises $50 million to scale its AI platform,6,1,0.036,0.893,0.036,0.036
48957,48 „Apple“ pristatė naują iPhone su pažangia kamera ir DI funkcijomis as markets react,8,1,0.028,0.916,0.028,0.028
485,Šis triukas pakeis jūsų gyvenimą amžiams — Number 5 is shocking,7,3,0.031,0.031,0.031,0.906
34492,"66 Negalėsite patikėti, kas įvyko toliau",4,2,0.051,0.05,0.849,0.05
48612,54 Messi įmušė įspūdingą įvartį Lygų taurėje,6,2,0.036,0.036,0.893,0.036
9911,89 Atviro kodo bibliotekos pagreitina mašininio mokymosi procesus (Paris),8,0,0.916,0.028,0.028,0.028
49561,59 Apple unveils a new iPhone with advanced camera and AI features dėl rinkos reakcijos,8,2,0.028,0.029,0.915,0.028
19370,32 Treneris aiškino naują gynybos taktiką po rungtynių,6,0,0.892,0.036,0.036,0.036
38679,Startuolis pritraukė 50 mln. USD DI platformos plėtrai amid concerns (Berlin),10,3,0.023,0.023,0.225,0.729
13173,98 How to speed up your computer with simple tweaks (London),5,1,0.042,0.873,0.042,0.043
7840,"49 Central bank cuts rates, markets rally on dovish guidance",8,0,0.917,0.028,0.028,0.028
26298,2 Didelė saugumo spraga paveikė milijonus vartotojų,6,0,0.893,0.036,0.036,0.036
32341,95 Earnings beat expectations as revenue grows in cloud segment,7,0,0.906,0.031,0.031,0.031
29767,36 Local team wins national championship in overtime analitikų teigimu (Vilnius),7,1,0.032,0.905,0.032,0.031
9453,18 Treneris aiškino naują gynybos taktiką po rungtynių,6,0,0.892,0.036,0.036,0.036
31315,84 Atviro kodo bibliotekos pagreitina mašininio mokymosi procesus (Vilnius),8,0,0.916,0.028,0.028,0.028
25565,You won't believe what happened next — Find out why (Berlin),4,1,0.05,0.848,0.051,0.051
9963,60 Messi įmušė įspūdingą įvartį Lygų taurėje po pranešimo (Berlin),7,2,0.031,0.032,0.906,0.031
11695,21 Star player signs a multi-year contract with club,7,3,0.031,0.031,0.031,0.906
5189,Perėjimų gandai: jaunas puolėjas gali kainuoti rekordą as markets react,7,2,0.031,0.031,0.906,0.031
12096,53 Atviro kodo bibliotekos pagreitina mašininio mokymosi procesus (London),8,0,0.916,0.028,0.028,0.028
35389,82 Messi scores a stunning goal in the Champions League match,7,2,0.031,0.031,0.906,0.031
38825,42 Treneris aiškino naują gynybos taktiką po rungtynių,6,0,0.892,0.036,0.036,0.036
34156,69 Perėjimų gandai: jaunas puolėjas gali kainuoti rekordą (Berlin),8,2,0.028,0.028,0.916,0.028
12051,63 Žvaigždė pasirašė daugiametę sutartį su klubu analitikų teigimu,5,1,0.042,0.875,0.042,0.042
13221,57 Messi scores a stunning goal in the Champions League match amid concerns,9,2,0.025,0.025,0.925,0.025
409,Investors hedge inflation risk using index-linked bonds dėl rinkos reakcijos,8,2,0.028,0.028,0.917,0.028
42529,57 Transfer rumors suggest a record deal for the young striker,7,3,0.032,0.031,0.031,0.906
8484,15 This trick will change your life forever,4,3,0.05,0.05,0.05,0.85
16645,52 Messi įmušė įspūdingą įvartį Lygų taurėje po pranešimo,6,2,0.036,0.036,0.893,0.036
43329,50 Messi scores a stunning goal in the Champions League match,7,2,0.031,0.031,0.906,0.031
1401,Kaip pagreitinti kompiuterį paprastais triukais as markets react,4,1,0.05,0.85,0.05,0.05
208,Analysts predict record profits for the banking sector as markets react,6,0,0.892,0.036,0.036,0.036
16975,13 Open-source libraries accelerate machine learning workflows analitikų teigimu,7,3,0.031,0.031,0.031,0.906
6356,91 Atviro kodo bibliotekos pagreitina mašininio mokymosi procesus analitikų teigimu (Paris),8,0,0.916,0.028,0.028,0.028
40406,16 Perėjimų gandai: jaunas puolėjas gali kainuoti rekordą — analysts say,7,2,0.031,0.031,0.906,0.031
16498,88 Žvaigždė pasirašė daugiametę sutartį su klubu,5,1,0.042,0.875,0.042,0.042
39810,100 „Apple“ pristatė naują iPhone su pažangia kamera ir DI funkcijomis (Madrid),9,1,0.025,0.924,0.025,0.025
153,Start-up raises $50 million to scale its AI platform dėl rinkos reakcijos,6,1,0.036,0.893,0.036,0.036
3469,Didelė saugumo spraga paveikė milijonus vartotojų dėl rinkos reakcijos (Madrid),7,0,0.905,0.032,0.032,0.031
10254,86 Vietos komanda laimėjo nacionalinį čempionatą pratęsimuose,6,0,0.893,0.036,0.036,0.036
6116,Didelė saugumo spraga paveikė milijonus vartotojų — analysts say (Kaunas),7,0,0.905,0.032,0.031,0.032
12791,94 Major security breach affects millions of users worldwide amid concerns,9,0,0.921,0.025,0.029,0.025
15922,34 Vietos komanda laimėjo nacionalinį čempionatą pratęsimuose,6,0,0.893,0.036,0.036,0.036
49138,30 How to speed up your computer with simple tweaks — analysts say,4,1,0.05,0.85,0.05,0.05
26124,95 Open-source libraries accelerate machine learning workflows,7,3,0.031,0.031,0.031,0.906
41301,18 Messi scores a stunning goal in the Champions League match,7,2,0.031,0.031,0.906,0.031
43480,50 Analysts predict record profits for the banking sector (Kaunas),7,0,0.905,0.032,0.031,0.032
370,She did X — what happens next will shock you — Read more,4,0,0.847,0.051,0.051,0.051
6461,"10 priežasčių, kodėl niekada nepirkti šio daikto — Find out why (Paris)",7,2,0.032,0.032,0.905,0.032
17599,Žvaigždė pasirašė daugiametę sutartį su klubu as markets react (Madrid),6,1,0.036,0.892,0.036,0.036
5536,54 Šis triukas pakeis jūsų gyvenimą amžiams,5,3,0.042,0.042,0.042,0.875
10868,42 Apple unveils a new iPhone with advanced camera and AI features,8,2,0.028,0.029,0.915,0.028
45301,23 Open-source libraries accelerate machine learning workflows,7,3,0.031,0.031,0.031,0.906
17531,5 10 reasons you should never buy this gadget,3,3,0.063,0.063,0.063,0.812
20992,31 Messi įmušė įspūdingą įvartį Lygų taurėje,6,2,0.036,0.036,0.893,0.036
5249,Transfer rumors suggest a record deal for the young striker dėl rinkos reakcijos (Paris),8,3,0.028,0.028,0.028,0.916
8223,16 Start-up raises $50 million to scale its AI platform,6,1,0.036,0.893,0.036,0.036
5080,Perėjimų gandai: jaunas puolėjas gali kainuoti rekordą analitikų teigimu,7,2,0.031,0.031,0.906,0.031
28353,35 How to speed up your computer with simple tweaks,4,1,0.05,0.85,0.05,0.05
22096,37 Atviro kodo bibliotekos pagreitina mašininio mokymosi procesus,7,0,0.906,0.031,0.031,0.031
47223,57 Start-up raises $50 million to scale its AI platform dėl rinkos reakcijos,6,1,0.036,0.893,0.036,0.036
37579,"Ji padarė X — kas nutiks toliau, pribloškia — Find out why (New York)",7,0,0.901,0.032,0.033,0.033
8266,25 Earnings beat expectations as revenue grows in cloud segment,7,0,0.906,0.031,0.031,0.031
35,Local team wins national championship in overtime,6,1,0.036,0.893,0.036,0.036
10316,Kaip pagreitinti kompiuterį paprastais triukais analitikų teigimu (Madrid),5,1,0.042,0.874,0.042,0.042
3391,Messi scores a stunning goal in the Champions League match dėl rinkos reakcijos,7,2,0.031,0.031,0.906,0.031
14159,„Apple“ pristatė naują iPhone su pažangia kamera ir DI funkcijomis after report (New York),10,1,0.023,0.93,0.023,0.023
14614,24 She did X — what happens next will shock you,3,0,0.812,0.063,0.063,0.063
14609,56 Atviro kodo bibliotekos pagreitina mašininio mokymosi procesus,7,0,0.906,0.031,0.031,0.031
8811,46 She did X — what happens next will shock you,3,0,0.812,0.063,0.063,0.063
974,Major security breach affects millions of users worldwide after report (Madrid),8,0,0.916,0.028,0.028,0.028
30397,5 Star player signs a multi-year contract with club (Kaunas),8,3,0.028,0.028,0.028,0.916
8221,77 Stock market falls amid inflation concerns dėl rinkos reakcijos,6,2,0.036,0.036,0.893,0.036
32288,30 Kaip pagreitinti kompiuterį paprastais triukais,4,1,0.05,0.85,0.05,0.05
1843,27 Earnings beat expectations as revenue grows in cloud segment (Vilnius),8,0,0.916,0.028,0.028,0.028
35694,This trick will change your life forever — Find out why (Paris),5,3,0.042,0.042,0.042,0.874
5242,45 Perėjimų gandai: jaunas puolėjas gali kainuoti rekordą,7,2,0.031,0.031,0.906,0.031
5476,99 Vietos komanda laimėjo nacionalinį čempionatą pratęsimuose,6,0,0.893,0.036,0.036,0.036
30961,97 10 reasons you should never buy this gadget,3,3,0.063,0.063,0.063,0.812
1227,You won't believe what happened next (Kaunas),4,1,0.05,0.849,0.05,0.051
1720,Star player signs a multi-year contract with club (New York),9,3,0.025,0.025,0.025,0.924
29473,5 Transfer rumors suggest a record deal for the young striker (London),8,3,0.028,0.028,0.028,0.916
472,You won't believe what happened next — Find out why,3,1,0.063,0.812,0.063,0.063
528,Šis triukas pakeis jūsų gyvenimą amžiams (New York),7,3,0.031,0.032,0.032,0.905
1355,Žvaigždė pasirašė daugiametę sutartį su klubu (Madrid),6,1,0.036,0.892,0.036,0.036
4872,74 Stock market falls amid inflation concerns,6,2,0.036,0.036,0.893,0.036
19073,30 Messi scores a stunning goal in the Champions League match,7,2,0.031,0.031,0.906,0.031
26895,11 Perėjimų gandai: jaunas puolėjas gali kainuoti rekordą as markets react,7,2,0.031,0.031,0.906,0.031
21795,78 Open-source libraries accelerate machine learning workflows analitikų teigimu (Madrid),8,3,0.028,0.028,0.028,0.916
38526,Kaip pagreitinti kompiuterį paprastais triukais dėl rinkos reakcijos (Kaunas),5,1,0.042,0.874,0.042,0.042
961,Treneris aiškino naują gynybos taktiką po rungtynių (Madrid),7,0,0.905,0.032,0.032,0.031
27966,Analysts predict record profits for the banking sector analitikų teigimu (London),7,0,0.905,0.031,0.031,0.032
10969,73 Startuolis pritraukė 50 mln. USD DI platformos plėtrai,7,3,0.031,0.032,0.031,0.906
18305,11 Major security breach affects millions of users worldwide analitikų teigimu,7,0,0.906,0.031,0.031,0.031
418,Stock market falls amid inflation concerns analitikų teigimu,6,2,0.036,0.036,0.893,0.036
31761,Star player signs a multi-year contract with club analitikų teigimu (Madrid),8,3,0.028,0.028,0.028,0.916
9992,30 Žvaigždė pasirašė daugiametę sutartį su klubu,5,1,0.042,0.875,0.042,0.042
8357,Kaip pagreitinti kompiuterį paprastais triukais in a surprise move (Vilnius),6,1,0.038,0.889,0.037,0.036
28523,5 Major security breach affects millions of users worldwide after report,7,0,0.906,0.031,0.031,0.031
3743,57 She did X — what happens next will shock you — Find out why,3,0,0.812,0.063,0.063,0.063
36478,24 You won't believe what happened next,3,1,0.063,0.812,0.063,0.063
24698,80 „Apple“ pristatė naują iPhone su pažangia kamera ir DI funkcijomis,8,1,0.028,0.916,0.028,0.028
47997,"45 Negalėsite patikėti, kas įvyko toliau (Paris)",5,2,0.043,0.042,0.872,0.043
24954,Atviro kodo bibliotekos pagreitina mašininio mokymosi procesus analitikų teigimu (Madrid),8,0,0.916,0.028,0.028,0.028
16334,47 Coach explains new defensive tactics after the game,6,3,0.036,0.036,0.036,0.892
548,91 Investors hedge inflation risk using index-linked bonds (Madrid),9,2,0.025,0.025,0.925,0.025
25619,35 Vietos komanda laimėjo nacionalinį čempionatą pratęsimuose,6,0,0.893,0.036,0.036,0.036
168,Startuolis pritraukė 50 mln. USD DI platformos plėtrai,7,3,0.031,0.032,0.031,0.906
11973,85 Star player signs a multi-year contract with club analitikų teigimu,7,3,0.031,0.031,0.031,0.906
14674,24 Atviro kodo bibliotekos pagreitina mašininio mokymosi procesus,7,0,0.906,0.031,0.031,0.031
30805,56 Open-source libraries accelerate machine learning workflows (New York),9,3,0.025,0.025,0.025,0.924
2687,93 Investors hedge inflation risk using index-linked bonds,8,2,0.028,0.028,0.917,0.028
35358,92 Messi įmušė įspūdingą įvartį Lygų taurėje (Madrid),7,2,0.031,0.032,0.905,0.031
47511,75 Investors hedge inflation risk using index-linked bonds in a surprise move,9,2,0.025,0.025,0.925,0.025
15860,22 Transfer rumors suggest a record deal for the young striker,7,3,0.032,0.031,0.031,0.906
6601,32 Žvaigždė pasirašė daugiametę sutartį su klubu,5,1,0.042,0.875,0.042,0.042
2056,64 Stock market falls amid inflation concerns,6,2,0.036,0.036,0.893,0.036
39270,2 Major security breach affects millions of users worldwide,7,0,0.906,0.031,0.031,0.031
39584,95 Perėjimų gandai: jaunas puolėjas gali kainuoti rekordą in a surprise move,8,2,0.028,0.028,0.916,0.028
39581,"81 Top 7 paslaptys, kurias įmonės nenori, kad žinotumėte — You won't believe it",6,2,0.036,0.322,0.607,0.036
29205,100 Major security breach affects millions of users worldwide,7,0,0.906,0.031,0.031,0.031
2689,81 Žvaigždė pasirašė daugiametę sutartį su klubu,5,1,0.042,0.875,0.042,0.042
3647,92 Open-source libraries accelerate machine learning workflows,7,3,0.031,0.031,0.031,0.906
20740,53 Coach explains new defensive tactics after the game dėl rinkos reakcijos,6,3,0.036,0.036,0.036,0.892
18919,You won't believe what happened next — Read more (New York),6,1,0.037,0.888,0.038,0.038
49648,"41 Top 7 paslaptys, kurias įmonės nenori, kad žinotumėte — You won't believe it",6,2,0.036,0.322,0.607,0.036
15373,"Ji padarė X — kas nutiks toliau, pribloškia — Find out why (Vilnius)",6,0,0.892,0.036,0.036,0.036
42238,94 This trick will change your life forever — Number 5 is shocking,6,3,0.036,0.036,0.036,0.893
33079,21 Didelė saugumo spraga paveikė milijonus vartotojų,6,0,0.893,0.036,0.036,0.036
9039,16 10 reasons you should never buy this gadget,3,3,0.063,0.063,0.063,0.812
5725,42 This trick will change your life forever,4,3,0.05,0.05,0.05,0.85
464,"95 Ji padarė X — kas nutiks toliau, pribloškia",5,0,0.875,0.042,0.042,0.042
6468,24 10 reasons you should never buy this gadget,3,3,0.063,0.063,0.063,0.812
1437,43 Treneris aiškino naują gynybos taktiką po rungtynių,6,0,0.892,0.036,0.036,0.036
42063,2 Top 7 secrets companies don't want you to know,5,3,0.042,0.042,0.042,0.875
914,Žvaigždė pasirašė daugiametę sutartį su klubu (New York),7,1,0.032,0.904,0.032,0.032
19556,34 This trick will change your life forever,4,3,0.05,0.05,0.05,0.85
39108,"36 Ji padarė X — kas nutiks toliau, pribloškia",5,0,0.875,0.042,0.042,0.042
48563,47 Kaip pagreitinti kompiuterį paprastais triukais as markets react,4,1,0.05,0.85,0.05,0.05
1881,21 Analysts predict record profits for the banking sector (Berlin),7,0,0.904,0.032,0.032,0.032
8752,"83 10 priežasčių, kodėl niekada nepirkti šio daikto",6,2,0.036,0.036,0.893,0.036
479,14 Startuolis pritraukė 50 mln. USD DI platformos plėtrai,7,3,0.031,0.032,0.031,0.906
35184,Transfer rumors suggest a record deal for the young striker po pranešimo (Kaunas),8,3,0.028,0.028,0.028,0.916
13758,76 10 reasons you should never buy this gadget (London),4,3,0.051,0.051,0.05,0.848
16245,"10 priežasčių, kodėl niekada nepirkti šio daikto — Number 5 is shocking (Kaunas)",9,2,0.025,0.025,0.695,0.255
880,„Apple“ pristatė naują iPhone su pažangia kamera ir DI funkcijomis (New York),10,1,0.023,0.93,0.023,0.023
1171,22 She did X — what happens next will shock you,3,0,0.812,0.063,0.063,0.063
33321,84 Open-source libraries accelerate machine learning workflows,7,3,0.031,0.031,0.031,0.906
4065,79 She did X — what happens next will shock you,3,0,0.812,0.063,0.063,0.063
45766,12 Didelė saugumo spraga paveikė milijonus vartotojų,6,0,0.893,0.036,0.036,0.036
837,Stock market falls amid inflation concerns po pranešimo (Kaunas),7,2,0.032,0.032,0.905,0.032
4028,Atviro kodo bibliotekos pagreitina mašininio mokymosi procesus dėl rinkos reakcijos (Berlin),8,0,0.915,0.028,0.028,0.028
8963,Perėjimų gandai: jaunas puolėjas gali kainuoti rekordą po pranešimo (Berlin),8,2,0.028,0.028,0.916,0.028
35402,34 This trick will change your life forever — You won't believe it (Kaunas),7,3,0.031,0.336,0.031,0.601
21578,27 You won't believe what happened next — You won't believe it,5,1,0.042,0.875,0.042,0.042
16049,61 Atviro kodo bibliotekos pagreitina mašininio mokymosi procesus — analysts say,7,0,0.906,0.031,0.031,0.031
29744,"7 Negalėsite patikėti, kas įvyko toliau",4,2,0.051,0.05,0.849,0.05
9762,47 Apple unveils a new iPhone with advanced camera and AI features,8,2,0.028,0.029,0.915,0.028
30487,66 Stock market falls amid inflation concerns,6,2,0.036,0.036,0.893,0.036
245,Vietos komanda laimėjo nacionalinį čempionatą pratęsimuose analitikų teigimu,6,0,0.893,0.036,0.036,0.036
43102,49 Major security breach affects millions of users worldwide,7,0,0.906,0.031,0.031,0.031
1177,Žvaigždė pasirašė daugiametę sutartį su klubu as markets react,5,1,0.042,0.875,0.042,0.042
48320,25 „Apple“ pristatė naują iPhone su pažangia kamera ir DI funkcijomis (Madrid),9,1,0.025,0.924,0.025,0.025
