orig_row,text,n_terms,dominant_topic,topic_0,topic_1,topic_2
27191,"4 Top 7 paslaptys, kurias įmonės nenori, kad žinotumėte — Read more",5,2,0.056,0.058,0.886
10559,28 Coach explains new defensive tactics after the game,6,2,0.048,0.049,0.903
5171,"Top 7 paslaptys, kurias įmonės nenori, kad žinotumėte — You won't believe it (Berlin)",7,2,0.043,0.339,0.619
39466,88 Open-source libraries accelerate machine learning workflows analitikų teigimu,9,2,0.034,0.034,0.932
9361,31 Local team wins national championship in overtime,6,2,0.048,0.048,0.905
5120,85 Local team wins national championship in overtime,6,2,0.048,0.048,0.905
14144,Top 7 secrets companies don't want you to know — Number 5 is shocking (London),8,2,0.038,0.039,0.924
40923,66 Atviro kodo bibliotekos pagreitina mašininio mokymosi procesus,7,2,0.042,0.042,0.917
37918,79 Didelė saugumo spraga paveikė milijonus vartotojų dėl rinkos reakcijos,8,1,0.038,0.924,0.038
31393,10 Kaip pagreitinti kompiuterį paprastais triukais,4,1,0.067,0.867,0.067
19326,54 Major security breach affects millions of users worldwide po pranešimo (Paris),9,1,0.035,0.93,0.035
11035,93 Star player signs a multi-year contract with club,7,0,0.917,0.042,0.042
16586,91 Messi įmušė įspūdingą įvartį Lygų taurėje,6,2,0.048,0.048,0.905
45514,41 She did X — what happens next will shock you (Paris),4,1,0.069,0.861,0.07
26926,62 Coach explains new defensive tactics after the game,6,2,0.048,0.049,0.903
1637,Apple unveils a new iPhone with advanced camera and AI features (Berlin),9,1,0.034,0.931,0.035
10067,"24 Ji padarė X — kas nutiks toliau, pribloškia",5,1,0.056,0.888,0.057
11445,16 Treneris aiškino naują gynybos taktiką po rungtynių,6,0,0.904,0.048,0.048
1708,Didelė saugumo spraga paveikė milijonus vartotojų — analysts say (Vilnius),9,1,0.034,0.929,0.037
46157,You won't believe what happened next — You won't believe it (London),6,1,0.049,0.901,0.05
42654,42 Start-up raises $50 million to scale its AI platform,6,2,0.048,0.049,0.903
42156,74 This trick will change your life forever,4,2,0.067,0.067,0.867
8,She did X — what happens next will shock you — Find out why,3,1,0.083,0.833,0.083
24541,Vietos komanda laimėjo nacionalinį čempionatą pratęsimuose in a surprise move (Madrid),8,0,0.923,0.039,0.038
20061,65 Atviro kodo bibliotekos pagreitina mašininio mokymosi procesus,7,2,0.042,0.042,0.917
43961,"14 Top 7 paslaptys, kurias įmonės nenori, kad žinotumėte — Read more",5,2,0.056,0.058,0.886
30739,9 Messi įmušė įspūdingą įvartį Lygų taurėje,6,2,0.048,0.048,0.905
2406,74 Žvaigždė pasirašė daugiametę sutartį su klubu,5,0,0.889,0.056,0.056
5891,Treneris aiškino naują gynybos taktiką po rungtynių dėl rinkos reakcijos (London),9,0,0.929,0.036,0.035
48053,"45 Central bank cuts rates, markets rally on dovish guidance in a surprise move",9,0,0.932,0.034,0.034
1738,Šis triukas pakeis jūsų gyvenimą amžiams — Number 5 is shocking (New York),9,1,0.034,0.93,0.036
8901,29 Messi įmušė įspūdingą įvartį Lygų taurėje,6,2,0.048,0.048,0.905
3328,23 Analysts predict record profits for the banking sector dėl rinkos reakcijos (London),9,2,0.035,0.037,0.928
47687,10 Žvaigždė pasirašė daugiametę sutartį su klubu amid concerns (New York),9,0,0.93,0.036,0.035
34099,7 Startuolis pritraukė 50 mln. USD DI platformos plėtrai po pranešimo (Paris),9,0,0.931,0.035,0.035
2020,Local team wins national championship in overtime after report,7,2,0.046,0.045,0.909
48609,19 Startuolis pritraukė 50 mln. USD DI platformos plėtrai (New York),9,0,0.929,0.036,0.035
14059,7 Messi scores a stunning goal in the Champions League match,7,2,0.042,0.042,0.917
9177,31 Kaip pagreitinti kompiuterį paprastais triukais,4,1,0.067,0.867,0.067
20269,Apple unveils a new iPhone with advanced camera and AI features — analysts say (Kaunas),11,1,0.028,0.941,0.031
2156,33 This trick will change your life forever,4,2,0.067,0.067,0.867
5642,38 Top 7 secrets companies don't want you to know (London),6,2,0.048,0.048,0.904
37336,62 10 reasons you should never buy this gadget (Berlin),4,2,0.069,0.07,0.861
14288,29 You won't believe what happened next,3,1,0.083,0.833,0.083
26,Atviro kodo bibliotekos pagreitina mašininio mokymosi procesus dėl rinkos reakcijos,9,2,0.035,0.035,0.93
17125,31 Treneris aiškino naują gynybos taktiką po rungtynių amid concerns (London),9,0,0.931,0.034,0.034
7349,49 Top 7 secrets companies don't want you to know,5,2,0.056,0.056,0.889
14273,Coach explains new defensive tactics after the game po pranešimo (Kaunas),8,2,0.04,0.04,0.92
906,92 Local team wins national championship in overtime,6,2,0.048,0.048,0.905
15081,23 „Apple“ pristatė naują iPhone su pažangia kamera ir DI funkcijomis (Kaunas),9,1,0.036,0.931,0.034
47419,38 Žvaigždė pasirašė daugiametę sutartį su klubu,5,0,0.889,0.056,0.056
9941,29 Coach explains new defensive tactics after the game,6,2,0.048,0.049,0.903
2846,28 Transfer rumors suggest a record deal for the young striker,7,1,0.042,0.916,0.042
45728,58 Apple unveils a new iPhone with advanced camera and AI features,8,1,0.037,0.925,0.038
5102,55 You won't believe what happened next,3,1,0.083,0.833,0.083
2767,"59 Ji padarė X — kas nutiks toliau, pribloškia",5,1,0.056,0.888,0.057
30560,96 Didelė saugumo spraga paveikė milijonus vartotojų after report,7,1,0.043,0.915,0.042
28092,87 10 reasons you should never buy this gadget,3,2,0.083,0.083,0.833
1871,Start-up raises $50 million to scale its AI platform (New York),8,2,0.038,0.04,0.921
32044,92 Treneris aiškino naują gynybos taktiką po rungtynių (Paris),7,0,0.914,0.043,0.043
1247,Vietos komanda laimėjo nacionalinį čempionatą pratęsimuose (Vilnius),7,0,0.914,0.043,0.043
4817,Apple unveils a new iPhone with advanced camera and AI features (London),9,1,0.034,0.93,0.035
44417,Coach explains new defensive tactics after the game — analysts say (Vilnius),9,2,0.034,0.036,0.93
6126,"58 Ji padarė X — kas nutiks toliau, pribloškia",5,1,0.056,0.888,0.057
1895,23 10 reasons you should never buy this gadget,3,2,0.083,0.083,0.833
33467,Major security breach affects millions of users worldwide after report (New York),10,1,0.031,0.937,0.031
3971,Stock market falls amid inflation concerns dėl rinkos reakcijos,8,0,0.923,0.039,0.038
13452,36 Atviro kodo bibliotekos pagreitina mašininio mokymosi procesus,7,2,0.042,0.042,0.917
26406,6 „Apple“ pristatė naują iPhone su pažangia kamera ir DI funkcijomis,8,1,0.039,0.924,0.037
27456,72 Apple unveils a new iPhone with advanced camera and AI features,8,1,0.037,0.925,0.038
5432,98 Open-source libraries accelerate machine learning workflows (Berlin),8,2,0.038,0.038,0.924
216,Vietos komanda laimėjo nacionalinį čempionatą pratęsimuose (London),7,0,0.914,0.043,0.044
14002,9 Kaip pagreitinti kompiuterį paprastais triukais,4,1,0.067,0.867,0.067
14976,76 Transfer rumors suggest a record deal for the young striker po pranešimo,8,1,0.039,0.923,0.039
11164,Coach explains new defensive tactics after the game dėl rinkos reakcijos (New York),10,2,0.033,0.035,0.932
1660,93 Start-up raises $50 million to scale its AI platform (Madrid),7,2,0.043,0.045,0.912
12974,31 Treneris aiškino naują gynybos taktiką po rungtynių (Kaunas),7,0,0.915,0.043,0.042
22458,Atviro kodo bibliotekos pagreitina mašininio mokymosi procesus — analysts say (Vilnius),10,2,0.031,0.031,0.938
29614,75 Vietos komanda laimėjo nacionalinį čempionatą pratęsimuose,6,0,0.905,0.048,0.048
41,Messi scores a stunning goal in the Champions League match analitikų teigimu,9,2,0.034,0.034,0.932
20258,36 Analysts predict record profits for the banking sector,6,2,0.048,0.049,0.903
45019,26 10 reasons you should never buy this gadget,3,2,0.083,0.083,0.833
461,10 reasons you should never buy this gadget — Find out why,3,2,0.083,0.083,0.833
25744,16 You won't believe what happened next,3,1,0.083,0.833,0.083
517,Coach explains new defensive tactics after the game amid concerns,8,2,0.277,0.038,0.685
4352,70 Stock market falls amid inflation concerns,6,0,0.904,0.048,0.048
38658,91 Top 7 secrets companies don't want you to know — You won't believe it,7,2,0.042,0.292,0.667
586,Žvaigždė pasirašė daugiametę sutartį su klubu (Kaunas),6,0,0.903,0.049,0.048
2344,„Apple“ pristatė naują iPhone su pažangia kamera ir DI funkcijomis dėl rinkos reakcijos,10,1,0.033,0.936,0.031
1117,17 Earnings beat expectations as revenue grows in cloud segment,7,2,0.042,0.042,0.917
334,Atviro kodo bibliotekos pagreitina mašininio mokymosi procesus (New York),9,2,0.034,0.035,0.931
34699,22 Earnings beat expectations as revenue grows in cloud segment analitikų teigimu,9,2,0.034,0.034,0.932
35007,"67 Top 7 paslaptys, kurias įmonės nenori, kad žinotumėte — Find out why",4,2,0.067,0.067,0.867
48763,85 Coach explains new defensive tactics after the game,6,2,0.048,0.049,0.903
45270,45 She did X — what happens next will shock you — Read more,4,1,0.068,0.864,0.069
15448,8 This trick will change your life forever (London),5,2,0.056,0.056,0.887
30467,61 Šis triukas pakeis jūsų gyvenimą amžiams — Read more,6,1,0.048,0.903,0.048
25227,19 She did X — what happens next will shock you,3,1,0.083,0.833,0.083
24946,23 Coach explains new defensive tactics after the game (Paris),7,2,0.043,0.044,0.914
39533,63 Messi įmušė įspūdingą įvartį Lygų taurėje,6,2,0.048,0.048,0.905
38046,96 Atviro kodo bibliotekos pagreitina mašininio mokymosi procesus,7,2,0.042,0.042,0.917
19715,67 How to speed up your computer with simple tweaks analitikų teigimu,6,2,0.049,0.049,0.902
20697,7 Treneris aiškino naują gynybos taktiką po rungtynių,6,0,0.904,0.048,0.048
47109,66 Vietos komanda laimėjo nacionalinį čempionatą pratęsimuose as markets react,8,0,0.925,0.038,0.037
28991,95 Major security breach affects millions of users worldwide (Madrid),8,1,0.038,0.925,0.037
5038,97 10 reasons you should never buy this gadget (Berlin),4,2,0.069,0.07,0.861
32136,2 Coach explains new defensive tactics after the game analitikų teigimu,8,2,0.038,0.039,0.923
6489,"36 Central bank cuts rates, markets rally on dovish guidance",8,0,0.926,0.037,0.037
45779,93 Top 7 secrets companies don't want you to know,5,2,0.056,0.056,0.889
28434,15 How to speed up your computer with simple tweaks (Berlin),5,2,0.057,0.058,0.885
28377,11 Investors hedge inflation risk using index-linked bonds analitikų teigimu,10,1,0.032,0.936,0.032
2351,Earnings beat expectations as revenue grows in cloud segment (London),8,2,0.037,0.037,0.925
46954,Star player signs a multi-year contract with club as markets react (New York),11,0,0.941,0.03,0.029
23244,"52 Central bank cuts rates, markets rally on dovish guidance (New York)",10,0,0.936,0.032,0.032
148,Žvaigždė pasirašė daugiametę sutartį su klubu,5,0,0.889,0.056,0.056
1996,Vietos komanda laimėjo nacionalinį čempionatą pratęsimuose amid concerns,8,0,0.926,0.037,0.037
6712,"2 10 priežasčių, kodėl niekada nepirkti šio daikto",6,0,0.905,0.048,0.048
928,"Central bank cuts rates, markets rally on dovish guidance (Berlin)",9,0,0.932,0.034,0.034
2548,71 Messi scores a stunning goal in the Champions League match,7,2,0.042,0.042,0.917
1123,Analysts predict record profits for the banking sector analitikų teigimu,8,2,0.038,0.039,0.923
4286,Local team wins national championship in overtime in a surprise move,7,2,0.043,0.044,0.913
9733,97 Startuolis pritraukė 50 mln. USD DI platformos plėtrai (London),8,0,0.923,0.038,0.038
28453,36 She did X — what happens next will shock you,3,1,0.083,0.833,0.083
29781,6 You won't believe what happened next — Number 5 is shocking (New York),7,1,0.043,0.911,0.045
30511,10 Treneris aiškino naują gynybos taktiką po rungtynių,6,0,0.904,0.048,0.048
10905,3 10 reasons you should never buy this gadget,3,2,0.083,0.083,0.833
1925,Coach explains new defensive tactics after the game (Paris),7,2,0.043,0.044,0.914
19410,67 Vietos komanda laimėjo nacionalinį čempionatą pratęsimuose as markets react (Paris),9,0,0.931,0.035,0.034
990,20 Messi įmušė įspūdingą įvartį Lygų taurėje,6,2,0.048,0.048,0.905
39213,27 Messi įmušė įspūdingą įvartį Lygų taurėje in a surprise move,7,2,0.043,0.044,0.913
43013,44 Open-source libraries accelerate machine learning workflows,7,2,0.042,0.042,0.917
2213,"53 Central bank cuts rates, markets rally on dovish guidance",8,0,0.926,0.037,0.037
44837,97 Transfer rumors suggest a record deal for the young striker as markets react (London),10,1,0.033,0.935,0.032
20447,31 Perėjimų gandai: jaunas puolėjas gali kainuoti rekordą dėl rinkos reakcijos,9,1,0.034,0.932,0.034
2922,How to speed up your computer with simple tweaks dėl rinkos reakcijos,6,2,0.052,0.052,0.896
28625,19 How to speed up your computer with simple tweaks,4,2,0.067,0.067,0.867
108,Investors hedge inflation risk using index-linked bonds,8,1,0.038,0.925,0.037
38599,49 Star player signs a multi-year contract with club (Berlin),8,0,0.925,0.038,0.038
6862,31 Coach explains new defensive tactics after the game amid concerns,8,2,0.277,0.038,0.685
25727,31 Vietos komanda laimėjo nacionalinį čempionatą pratęsimuose,6,0,0.905,0.048,0.048
40332,80 Local team wins national championship in overtime,6,2,0.048,0.048,0.905
20350,70 How to speed up your computer with simple tweaks,4,2,0.067,0.067,0.867
44285,8 This trick will change your life forever,4,2,0.067,0.067,0.867
14377,90 Open-source libraries accelerate machine learning workflows,7,2,0.042,0.042,0.917
22698,66 You won't believe what happened next,3,1,0.083,0.833,0.083
35832,47 Top 7 secrets companies don't want you to know,5,2,0.056,0.056,0.889
10604,Stock market falls amid inflation concerns after report,7,0,0.915,0.043,0.042
25642,90 „Apple“ pristatė naują iPhone su pažangia kamera ir DI funkcijomis dėl rinkos reakcijos (New York),12,1,0.028,0.945,0.027
16187,56 Apple unveils a new iPhone with advanced camera and AI features,8,1,0.037,0.925,0.038
28594,100 Start-up raises $50 million to scale its AI platform,6,2,0.048,0.049,0.903
12280,94 Vietos komanda laimėjo nacionalinį čempionatą pratęsimuose,6,0,0.905,0.048,0.048
1413,"Ji padarė X — kas nutiks toliau, pribloškia (Vilnius)",6,1,0.048,0.902,0.049
6120,"10 priežasčių, kodėl niekada nepirkti šio daikto — Number 5 is shocking (Vilnius)",9,0,0.919,0.04,0.041
14119,89 Messi įmušė įspūdingą įvartį Lygų taurėje,6,2,0.048,0.048,0.905
26380,69 Investors hedge inflation risk using index-linked bonds — analysts say,10,1,0.031,0.936,0.033
28546,40 Šis triukas pakeis jūsų gyvenimą amžiams,5,1,0.056,0.889,0.056
8997,21 Atviro kodo bibliotekos pagreitina mašininio mokymosi procesus,7,2,0.042,0.042,0.917
14017,73 Vietos komanda laimėjo nacionalinį čempionatą pratęsimuose,6,0,0.905,0.048,0.048
2677,Perėjimų gandai: jaunas puolėjas gali kainuoti rekordą (Madrid),8,1,0.038,0.925,0.037
48469,64 Transfer rumors suggest a record deal for the young striker,7,1,0.042,0.916,0.042
357,46 This trick will change your life forever,4,2,0.067,0.067,0.867
3464,43 Star player signs a multi-year contract with club,7,0,0.917,0.042,0.042
18998,89 Major security breach affects millions of users worldwide,7,1,0.042,0.917,0.042
49060,58 She did X — what happens next will shock you,3,1,0.083,0.833,0.083
23145,Atviro kodo bibliotekos pagreitina mašininio mokymosi procesus — analysts say (Madrid),10,2,0.031,0.032,0.937
2045,"Negalėsite patikėti, kas įvyko toliau — Find out why (New York)",6,2,0.05,0.055,0.895
9508,Start-up raises $50 million to scale its AI platform dėl rinkos reakcijos (London),9,2,0.035,0.037,0.928
49366,14 Treneris aiškino naują gynybos taktiką po rungtynių (London),7,0,0.913,0.043,0.044
21728,55 Local team wins national championship in overtime,6,2,0.048,0.048,0.905
49148,46 Local team wins national championship in overtime,6,2,0.048,0.048,0.905
24439,32 Stock market falls amid inflation concerns dėl rinkos reakcijos,8,0,0.923,0.039,0.038
698,"Ji padarė X — kas nutiks toliau, pribloškia (Kaunas)",6,1,0.049,0.902,0.049
20361,Open-source libraries accelerate machine learning workflows — analysts say (Berlin),10,2,0.031,0.031,0.938
24213,69 10 reasons you should never buy this gadget,3,2,0.083,0.083,0.833
11001,88 Messi scores a stunning goal in the Champions League match po pranešimo,8,2,0.038,0.037,0.925
49973,72 She did X — what happens next will shock you,3,1,0.083,0.833,0.083
1384,Open-source libraries accelerate machine learning workflows after report,8,2,0.04,0.04,0.92
1614,"Top 7 paslaptys, kurias įmonės nenori, kad žinotumėte — You won't believe it (Kaunas)",7,2,0.043,0.356,0.601
20900,You won't believe what happened next — Read more (Kaunas),5,1,0.058,0.885,0.058
3218,Major security breach affects millions of users worldwide after report (Berlin),9,1,0.034,0.932,0.034
11120,76 She did X — what happens next will shock you,3,1,0.083,0.833,0.083
598,Žvaigždė pasirašė daugiametę sutartį su klubu dėl rinkos reakcijos (Berlin),8,0,0.922,0.039,0.039
21636,74 10 reasons you should never buy this gadget — Read more,4,2,0.068,0.07,0.862
299,9 Startuolis pritraukė 50 mln. USD DI platformos plėtrai,7,0,0.916,0.042,0.042
28721,10 reasons you should never buy this gadget — Number 5 is shocking (Paris),6,2,0.049,0.051,0.9
2690,Treneris aiškino naują gynybos taktiką po rungtynių after report (Vilnius),8,0,0.923,0.039,0.038
5820,Kaip pagreitinti kompiuterį paprastais triukais (Berlin),5,1,0.057,0.886,0.057
38151,88 How to speed up your computer with simple tweaks (Berlin),5,2,0.057,0.058,0.885
18039,Star player signs a multi-year contract with club po pranešimo (New York),10,0,0.936,0.032,0.032
43735,"Ji padarė X — kas nutiks toliau, pribloškia — Read more (Paris)",7,1,0.043,0.913,0.044
8096,86 She did X — what happens next will shock you (Paris),4,1,0.069,0.861,0.07
37220,88 Open-source libraries accelerate machine learning workflows after report,8,2,0.04,0.04,0.92
2915,59 Local team wins national championship in overtime (New York),8,2,0.038,0.039,0.923
9548,65 Major security breach affects millions of users worldwide,7,1,0.042,0.917,0.042
25414,18 Stock market falls amid inflation concerns,6,0,0.904,0.048,0.048
587,Coach explains new defensive tactics after the game (Vilnius),7,2,0.043,0.044,0.913
39990,100 You won't believe what happened next (Kaunas),4,1,0.069,0.863,0.068
33300,52 Star player signs a multi-year contract with club dėl rinkos reakcijos,9,0,0.932,0.034,0.034
21459,60 Kaip pagreitinti kompiuterį paprastais triukais,4,1,0.067,0.867,0.067
30330,"72 Ji padarė X — kas nutiks toliau, pribloškia",5,1,0.056,0.888,0.057
7146,58 Earnings beat expectations as revenue grows in cloud segment,7,2,0.042,0.042,0.917
18029,79 Vietos komanda laimėjo nacionalinį čempionatą pratęsimuose,6,0,0.905,0.048,0.048
16258,34 Didelė saugumo spraga paveikė milijonus vartotojų,6,1,0.048,0.905,0.048
45421,Perėjimų gandai: jaunas puolėjas gali kainuoti rekordą in a surprise move (Kaunas),9,1,0.034,0.932,0.034
42554,Treneris aiškino naują gynybos taktiką po rungtynių po pranešimo (Madrid),8,0,0.923,0.039,0.038
3520,45 Earnings beat expectations as revenue grows in cloud segment (London),8,2,0.037,0.037,0.925
30474,91 Apple unveils a new iPhone with advanced camera and AI features amid concerns,10,1,0.22,0.749,0.031
13685,10 reasons you should never buy this gadget — You won't believe it (London),6,2,0.048,0.365,0.587
4401,81 Startuolis pritraukė 50 mln. USD DI platformos plėtrai,7,0,0.916,0.042,0.042
20337,90 Coach explains new defensive tactics after the game,6,2,0.048,0.049,0.903
12237,Star player signs a multi-year contract with club po pranešimo (Kaunas),9,0,0.932,0.034,0.034
8791,72 Treneris aiškino naują gynybos taktiką po rungtynių,6,0,0.904,0.048,0.048
5043,Didelė saugumo spraga paveikė milijonus vartotojų (Kaunas),7,1,0.042,0.916,0.042
24474,61 This trick will change your life forever,4,2,0.067,0.067,0.867
16070,"85 10 priežasčių, kodėl niekada nepirkti šio daikto — Find out why",6,0,0.905,0.048,0.048
16499,30 Star player signs a multi-year contract with club,7,0,0.917,0.042,0.042
9488,32 Star player signs a multi-year contract with club,7,0,0.917,0.042,0.042
2698,53 Stock market falls amid inflation concerns dėl rinkos reakcijos,8,0,0.923,0.039,0.038
4267,Star player signs a multi-year contract with club po pranešimo (Berlin),9,0,0.932,0.034,0.034
40631,66 Earnings beat expectations as revenue grows in cloud segment,7,2,0.042,0.042,0.917
6237,34 Apple unveils a new iPhone with advanced camera and AI features,8,1,0.037,0.925,0.038
2322,75 „Apple“ pristatė naują iPhone su pažangia kamera ir DI funkcijomis (New York),10,1,0.033,0.937,0.031
9387,54 Žvaigždė pasirašė daugiametę sutartį su klubu,5,0,0.889,0.056,0.056
34927,Messi scores a stunning goal in the Champions League match — analysts say (Paris),10,2,0.031,0.031,0.938
1369,16 Transfer rumors suggest a record deal for the young striker (Berlin),8,1,0.038,0.924,0.038
17002,49 Treneris aiškino naują gynybos taktiką po rungtynių,6,0,0.904,0.048,0.048
29527,85 Investors hedge inflation risk using index-linked bonds (Madrid),9,1,0.035,0.932,0.034
390,Apple unveils a new iPhone with advanced camera and AI features dėl rinkos reakcijos (Madrid),11,1,0.029,0.942,0.029
18478,24 Open-source libraries accelerate machine learning workflows,7,2,0.042,0.042,0.917
40213,28 Open-source libraries accelerate machine learning workflows,7,2,0.042,0.042,0.917
18785,31 Startuolis pritraukė 50 mln. USD DI platformos plėtrai,7,0,0.916,0.042,0.042
12739,62 10 reasons you should never buy this gadget,3,2,0.083,0.083,0.833
11133,"63 10 priežasčių, kodėl niekada nepirkti šio daikto",6,0,0.905,0.048,0.048
35679,This trick will change your life forever — You won't believe it (Paris),7,2,0.042,0.324,0.633
47735,20 Start-up raises $50 million to scale its AI platform dėl rinkos reakcijos,8,2,0.039,0.041,0.92
12,"10 priežasčių, kodėl niekada nepirkti šio daikto",6,0,0.905,0.048,0.048
12982,88 Start-up raises $50 million to scale its AI platform,6,2,0.048,0.049,0.903
12737,67 Apple unveils a new iPhone with advanced camera and AI features,8,1,0.037,0.925,0.038
18821,"Ji padarė X — kas nutiks toliau, pribloškia — You won't believe it (New York)",9,1,0.034,0.931,0.034
13850,15 Apple unveils a new iPhone with advanced camera and AI features analitikų teigimu,10,1,0.032,0.935,0.033
28066,67 Coach explains new defensive tactics after the game,6,2,0.048,0.049,0.903
39406,Apple unveils a new iPhone with advanced camera and AI features amid concerns (Kaunas),11,1,0.216,0.756,0.029
23362,2 10 reasons you should never buy this gadget,3,2,0.083,0.083,0.833
2998,Didelė saugumo spraga paveikė milijonus vartotojų (London),7,1,0.043,0.914,0.043
915,Apple unveils a new iPhone with advanced camera and AI features po pranešimo (Vilnius),10,1,0.032,0.936,0.032
929,Messi įmušė įspūdingą įvartį Lygų taurėje analitikų teigimu,8,2,0.038,0.038,0.924
193,35 Messi scores a stunning goal in the Champions League match po pranešimo,8,2,0.038,0.037,0.925
34397,53 Top 7 secrets companies don't want you to know (Kaunas),6,2,0.05,0.05,0.9
36870,36 Start-up raises $50 million to scale its AI platform,6,2,0.048,0.049,0.903
11738,64 This trick will change your life forever — Number 5 is shocking,6,2,0.048,0.05,0.902
32695,65 Local team wins national championship in overtime,6,2,0.048,0.048,0.905
23396,"81 Negalėsite patikėti, kas įvyko toliau",4,2,0.067,0.071,0.862
30,Kaip pagreitinti kompiuterį paprastais triukais,4,1,0.067,0.867,0.067
16351,"32 Central bank cuts rates, markets rally on dovish guidance dėl rinkos reakcijos",10,0,0.938,0.031,0.031
8236,62 Top 7 secrets companies don't want you to know — Number 5 is shocking,7,2,0.042,0.043,0.914
34184,90 Kaip pagreitinti kompiuterį paprastais triukais,4,1,0.067,0.867,0.067
18847,4 10 reasons you should never buy this gadget,3,2,0.083,0.083,0.833
8802,36 Analysts predict record profits for the banking sector — analysts say,8,2,0.037,0.039,0.924
13887,62 Kaip pagreitinti kompiuterį paprastais triukais (London),5,1,0.057,0.884,0.059
9313,6 Open-source libraries accelerate machine learning workflows,7,2,0.042,0.042,0.917
11906,79 This trick will change your life forever,4,2,0.067,0.067,0.867
730,Star player signs a multi-year contract with club after report,8,0,0.925,0.038,0.037
18741,18 Start-up raises $50 million to scale its AI platform,6,2,0.048,0.049,0.903
2170,Analysts predict record profits for the banking sector amid concerns,8,2,0.26,0.038,0.702
39947,Messi įmušė įspūdingą įvartį Lygų taurėje in a surprise move (Vilnius),8,2,0.039,0.04,0.921
17231,13 Investors hedge inflation risk using index-linked bonds,8,1,0.038,0.925,0.037
38091,"89 Negalėsite patikėti, kas įvyko toliau (Madrid)",5,2,0.058,0.063,0.879
18389,Startuolis pritraukė 50 mln. USD DI platformos plėtrai in a surprise move (Kaunas),9,0,0.931,0.035,0.034
35177,46 Earnings beat expectations as revenue grows in cloud segment in a surprise move,8,2,0.038,0.039,0.923
5740,46 Perėjimų gandai: jaunas puolėjas gali kainuoti rekordą,7,1,0.042,0.917,0.042
33748,12 Local team wins national championship in overtime,6,2,0.048,0.048,0.905
9103,60 Kaip pagreitinti kompiuterį paprastais triukais (New York),6,1,0.049,0.902,0.049
38070,95 Major security breach affects millions of users worldwide in a surprise move,8,1,0.038,0.925,0.037
117,Messi scores a stunning goal in the Champions League match,7,2,0.042,0.042,0.917
5989,81 Messi įmušė įspūdingą įvartį Lygų taurėje,6,2,0.048,0.048,0.905
2120,92 Start-up raises $50 million to scale its AI platform,6,2,0.048,0.049,0.903
34628,16 Perėjimų gandai: jaunas puolėjas gali kainuoti rekordą,7,1,0.042,0.917,0.042
21228,"33 Negalėsite patikėti, kas įvyko toliau — You won't believe it",6,2,0.048,0.41,0.543
27633,Major security breach affects millions of users worldwide po pranešimo (Kaunas),9,1,0.035,0.93,0.035
5046,95 Didelė saugumo spraga paveikė milijonus vartotojų,6,1,0.048,0.905,0.048
35005,83 This trick will change your life forever (Madrid),5,2,0.058,0.059,0.884
4270,„Apple“ pristatė naują iPhone su pažangia kamera ir DI funkcijomis as markets react,10,1,0.035,0.935,0.03
32588,63 How to speed up your computer with simple tweaks,4,2,0.067,0.067,0.867
32415,10 reasons you should never buy this gadget — You won't believe it (Madrid),6,2,0.049,0.412,0.539
13650,"49 10 priežasčių, kodėl niekada nepirkti šio daikto (New York)",8,0,0.921,0.04,0.039
33295,57 You won't believe what happened next (Kaunas),4,1,0.069,0.863,0.068
243,Open-source libraries accelerate machine learning workflows (Paris),8,2,0.037,0.038,0.925
22868,71 She did X — what happens next will shock you,3,1,0.083,0.833,0.083
25255,"77 Central bank cuts rates, markets rally on dovish guidance",8,0,0.926,0.037,0.037
9506,Major security breach affects millions of users worldwide — analysts say (Vilnius),10,1,0.031,0.936,0.033
43780,30 She did X — what happens next will shock you,3,1,0.083,0.833,0.083
15462,27 This trick will change your life forever (New York),6,2,0.05,0.051,0.899
2563,6 You won't believe what happened next,3,1,0.083,0.833,0.083
37621,"14 10 priežasčių, kodėl niekada nepirkti šio daikto",6,0,0.905,0.048,0.048
2675,„Apple“ pristatė naują iPhone su pažangia kamera ir DI funkcijomis amid concerns,10,1,0.277,0.693,0.03
7478,88 Earnings beat expectations as revenue grows in cloud segment,7,2,0.042,0.042,0.917
19095,38 Transfer rumors suggest a record deal for the young striker as markets react,9,1,0.036,0.93,0.034
33215,"80 Top 7 paslaptys, kurias įmonės nenori, kad žinotumėte — You won't believe it",6,2,0.048,0.334,0.619
1695,Coach explains new defensive tactics after the game in a surprise move,7,2,0.044,0.046,0.91
15501,7 Žvaigždė pasirašė daugiametę sutartį su klubu after report,6,0,0.904,0.049,0.048
454,Top 7 secrets companies don't want you to know (Paris),6,2,0.048,0.048,0.903
21468,40 Local team wins national championship in overtime po pranešimo,7,2,0.043,0.042,0.915
34368,29 Local team wins national championship in overtime,6,2,0.048,0.048,0.905
39148,9 Messi scores a stunning goal in the Champions League match,7,2,0.042,0.042,0.917
36456,32 Didelė saugumo spraga paveikė milijonus vartotojų,6,1,0.048,0.905,0.048
38397,59 Messi scores a stunning goal in the Champions League match,7,2,0.042,0.042,0.917
5197,71 Coach explains new defensive tactics after the game,6,2,0.048,0.049,0.903
3140,Kaip pagreitinti kompiuterį paprastais triukais (Kaunas),5,1,0.057,0.887,0.056
12390,Analysts predict record profits for the banking sector po pranešimo,7,2,0.043,0.043,0.914
203,57 Start-up raises $50 million to scale its AI platform (Paris),7,2,0.042,0.044,0.914
10367,"60 10 priežasčių, kodėl niekada nepirkti šio daikto — Read more (Madrid)",8,0,0.922,0.04,0.039
2639,Messi įmušė įspūdingą įvartį Lygų taurėje (Vilnius),7,2,0.042,0.043,0.915
34110,Coach explains new defensive tactics after the game as markets react (Berlin),9,2,0.27,0.04,0.69
17668,59 „Apple“ pristatė naują iPhone su pažangia kamera ir DI funkcijomis,8,1,0.039,0.924,0.037
6857,62 Perėjimų gandai: jaunas puolėjas gali kainuoti rekordą,7,1,0.042,0.917,0.042
42056,97 Earnings beat expectations as revenue grows in cloud segment dėl rinkos reakcijos,9,2,0.035,0.035,0.93
30081,38 How to speed up your computer with simple tweaks amid concerns (Kaunas),7,2,0.349,0.043,0.608
23620,90 This trick will change your life forever — Number 5 is shocking,6,2,0.048,0.05,0.902
41794,Major security breach affects millions of users worldwide as markets react (New York),11,1,0.03,0.941,0.028
9464,"Central bank cuts rates, markets rally on dovish guidance (New York)",10,0,0.936,0.032,0.032
27166,69 Žvaigždė pasirašė daugiametę sutartį su klubu,5,0,0.889,0.056,0.056
38906,99 Coach explains new defensive tactics after the game,6,2,0.048,0.049,0.903
14985,Star player signs a multi-year contract with club amid concerns,9,0,0.933,0.033,0.033
8160,Open-source libraries accelerate machine learning workflows — analysts say,9,2,0.033,0.034,0.933
11263,73 10 reasons you should never buy this gadget,3,2,0.083,0.083,0.833
35030,84 Treneris aiškino naują gynybos taktiką po rungtynių (Berlin),7,0,0.914,0.043,0.042
33527,98 Didelė saugumo spraga paveikė milijonus vartotojų,6,1,0.048,0.905,0.048
1607,47 Šis triukas pakeis jūsų gyvenimą amžiams,5,1,0.056,0.889,0.056
11931,3 This trick will change your life forever,4,2,0.067,0.067,0.867
17243,Kaip pagreitinti kompiuterį paprastais triukais dėl rinkos reakcijos (Berlin),7,1,0.044,0.912,0.044
1624,„Apple“ pristatė naują iPhone su pažangia kamera ir DI funkcijomis in a surprise move (Berlin),10,1,0.033,0.936,0.031
11518,58 Local team wins national championship in overtime dėl rinkos reakcijos,8,2,0.039,0.039,0.921
34595,12 Earnings beat expectations as revenue grows in cloud segment,7,2,0.042,0.042,0.917
66,Messi įmušė įspūdingą įvartį Lygų taurėje,6,2,0.048,0.048,0.905
3734,How to speed up your computer with simple tweaks (Madrid),5,2,0.058,0.059,0.884
13363,19 Apple unveils a new iPhone with advanced camera and AI features as markets react,10,1,0.033,0.936,0.031
7082,40 Messi scores a stunning goal in the Champions League match (Paris),8,2,0.037,0.038,0.925
4576,78 Didelė saugumo spraga paveikė milijonus vartotojų,6,1,0.048,0.905,0.048
31465,"83 Negalėsite patikėti, kas įvyko toliau",4,2,0.067,0.071,0.862
26686,70 Top 7 secrets companies don't want you to know,5,2,0.056,0.056,0.889
21479,„Apple“ pristatė naują iPhone su pažangia kamera ir DI funkcijomis analitikų teigimu (Vilnius),11,1,0.031,0.94,0.03
30808,39 Analysts predict record profits for the banking sector,6,2,0.048,0.049,0.903
9368,"Top 7 paslaptys, kurias įmonės nenori, kad žinotumėte — Read more (London)",6,2,0.049,0.05,0.901
1298,20 Investors hedge inflation risk using index-linked bonds,8,1,0.038,0.925,0.037
40925,75 You won't believe what happened next — You won't believe it,5,1,0.056,0.889,0.056
1429,50 Šis triukas pakeis jūsų gyvenimą amžiams,5,1,0.056,0.889,0.056
39164,65 10 reasons you should never buy this gadget,3,2,0.083,0.083,0.833
15450,Coach explains new defensive tactics after the game analitikų teigimu (New York),10,2,0.032,0.033,0.935
39062,36 This trick will change your life forever,4,2,0.067,0.067,0.867
31764,82 Earnings beat expectations as revenue grows in cloud segment,7,2,0.042,0.042,0.917
1694,Startuolis pritraukė 50 mln. USD DI platformos plėtrai in a surprise move,8,0,0.924,0.038,0.037
17888,"Ji padarė X — kas nutiks toliau, pribloškia — Find out why (London)",6,1,0.049,0.9,0.051
8692,39 Top 7 secrets companies don't want you to know,5,2,0.056,0.056,0.889
18427,"93 Central bank cuts rates, markets rally on dovish guidance",8,0,0.926,0.037,0.037
15557,27 Analysts predict record profits for the banking sector analitikų teigimu,8,2,0.038,0.039,0.923
9540,This trick will change your life forever — Number 5 is shocking (New York),8,2,0.039,0.041,0.92
236,Investors hedge inflation risk using index-linked bonds analitikų teigimu,10,1,0.032,0.936,0.032
21805,Earnings beat expectations as revenue grows in cloud segment po pranešimo (Vilnius),9,2,0.035,0.034,0.931
48144,87 Atviro kodo bibliotekos pagreitina mašininio mokymosi procesus (London),8,2,0.037,0.037,0.925
15907,41 You won't believe what happened next,3,1,0.083,0.833,0.083
41147,55 Analysts predict record profits for the banking sector,6,2,0.048,0.049,0.903
7509,52 Apple unveils a new iPhone with advanced camera and AI features,8,1,0.037,0.925,0.038
8215,51 Transfer rumors suggest a record deal for the young striker,7,1,0.042,0.916,0.042
28292,19 Messi scores a stunning goal in the Champions League match,7,2,0.042,0.042,0.917
3541,Startuolis pritraukė 50 mln. USD DI platformos plėtrai in a surprise move (New York),10,0,0.935,0.033,0.032
2462,Vietos komanda laimėjo nacionalinį čempionatą pratęsimuose dėl rinkos reakcijos,8,0,0.924,0.038,0.038
44877,This trick will change your life forever — Find out why (New York),6,2,0.05,0.051,0.899
48970,"92 10 priežasčių, kodėl niekada nepirkti šio daikto",6,0,0.905,0.048,0.048
11651,49 You won't believe what happened next (Kaunas),4,1,0.069,0.863,0.068
1015,Treneris aiškino naują gynybos taktiką po rungtynių dėl rinkos reakcijos (New York),10,0,0.934,0.034,0.032
1204,19 Major security breach affects millions of users worldwide,7,1,0.042,0.917,0.042
1725,Didelė saugumo spraga paveikė milijonus vartotojų analitikų teigimu,8,1,0.039,0.921,0.04
36541,52 Earnings beat expectations as revenue grows in cloud segment (Vilnius),8,2,0.038,0.038,0.925
4908,8 Earnings beat expectations as revenue grows in cloud segment,7,2,0.042,0.042,0.917
33310,4 She did X — what happens next will shock you — Read more,4,1,0.068,0.864,0.069
43965,68 Messi scores a stunning goal in the Champions League match (Vilnius),8,2,0.038,0.038,0.925
18911,28 Top 7 secrets companies don't want you to know,5,2,0.056,0.056,0.889
5579,30 Didelė saugumo spraga paveikė milijonus vartotojų,6,1,0.048,0.905,0.048
2995,59 This trick will change your life forever,4,2,0.067,0.067,0.867
13312,36 Žvaigždė pasirašė daugiametę sutartį su klubu,5,0,0.889,0.056,0.056
12155,37 You won't believe what happened next,3,1,0.083,0.833,0.083
9705,70 You won't believe what happened next (Vilnius),4,1,0.068,0.863,0.069
46927,76 She did X — what happens next will shock you (Paris),4,1,0.069,0.861,0.07
26006,76 You won't believe what happened next,3,1,0.083,0.833,0.083
566,Start-up raises $50 million to scale its AI platform (London),7,2,0.042,0.043,0.915
30179,2 Open-source libraries accelerate machine learning workflows,7,2,0.042,0.042,0.917
916,Investors hedge inflation risk using index-linked bonds amid concerns,10,1,0.244,0.726,0.03
43255,63 Vietos komanda laimėjo nacionalinį čempionatą pratęsimuose,6,0,0.905,0.048,0.048
6217,72 Earnings beat expectations as revenue grows in cloud segment,7,2,0.042,0.042,0.917
1752,Open-source libraries accelerate machine learning workflows amid concerns,9,2,0.233,0.033,0.733
8154,59 Stock market falls amid inflation concerns po pranešimo (Berlin),8,0,0.923,0.039,0.038
49770,49 You won't believe what happened next (New York),5,1,0.058,0.884,0.058
29396,"100 Central bank cuts rates, markets rally on dovish guidance",8,0,0.926,0.037,0.037
306,Stock market falls amid inflation concerns (London),7,0,0.913,0.043,0.044
41139,34 Investors hedge inflation risk using index-linked bonds,8,1,0.038,0.925,0.037
38126,57 You won't believe what happened next (Paris),4,1,0.069,0.861,0.07
12643,86 Šis triukas pakeis jūsų gyvenimą amžiams — Find out why (London),6,1,0.049,0.901,0.05
8323,76 Atviro kodo bibliotekos pagreitina mašininio mokymosi procesus,7,2,0.042,0.042,0.917
45030,68 Žvaigždė pasirašė daugiametę sutartį su klubu po pranešimo,6,0,0.903,0.048,0.048
11379,"27 10 priežasčių, kodėl niekada nepirkti šio daikto",6,0,0.905,0.048,0.048
23751,46 „Apple“ pristatė naują iPhone su pažangia kamera ir DI funkcijomis,8,1,0.039,0.924,0.037
33,This trick will change your life forever,4,2,0.067,0.067,0.867
5144,Local team wins national championship in overtime analitikų teigimu,8,2,0.038,0.038,0.924
31237,50 Top 7 secrets companies don't want you to know,5,2,0.056,0.056,0.889
49727,Coach explains new defensive tactics after the game amid concerns (London),9,2,0.262,0.035,0.704
37925,93 Local team wins national championship in overtime,6,2,0.048,0.048,0.905
3211,23 Coach explains new defensive tactics after the game,6,2,0.048,0.049,0.903
26065,74 Didelė saugumo spraga paveikė milijonus vartotojų,6,1,0.048,0.905,0.048
26496,2 Coach explains new defensive tactics after the game,6,2,0.048,0.049,0.903
4999,26 Local team wins national championship in overtime analitikų teigimu,8,2,0.038,0.038,0.924
22404,"82 Top 7 paslaptys, kurias įmonės nenori, kad žinotumėte — Number 5 is shocking",6,2,0.048,0.05,0.902
46409,94 Open-source libraries accelerate machine learning workflows,7,2,0.042,0.042,0.917
29329,13 Local team wins national championship in overtime,6,2,0.048,0.048,0.905
3547,78 Star player signs a multi-year contract with club in a surprise move,8,0,0.925,0.038,0.037
20589,"31 Top 7 paslaptys, kurias įmonės nenori, kad žinotumėte",4,2,0.067,0.067,0.867
48348,74 This trick will change your life forever — Number 5 is shocking,6,2,0.048,0.05,0.902
14065,This trick will change your life forever — Find out why (London),5,2,0.056,0.056,0.887
17815,82 Analysts predict record profits for the banking sector,6,2,0.048,0.049,0.903
44621,52 This trick will change your life forever (Paris),5,2,0.057,0.057,0.887
2209,Coach explains new defensive tactics after the game dėl rinkos reakcijos (London),9,2,0.036,0.037,0.927
12903,63 Investors hedge inflation risk using index-linked bonds,8,1,0.038,0.925,0.037
4144,Messi scores a stunning goal in the Champions League match analitikų teigimu (Madrid),10,2,0.032,0.032,0.937
21587,58 You won't believe what happened next (Berlin),4,1,0.069,0.862,0.069
42884,Treneris aiškino naują gynybos taktiką po rungtynių — analysts say (Kaunas),9,0,0.72,0.039,0.241
49014,94 Earnings beat expectations as revenue grows in cloud segment,7,2,0.042,0.042,0.917
14298,Messi įmušė įspūdingą įvartį Lygų taurėje po pranešimo (New York),9,2,0.035,0.035,0.929
41312,9 Žvaigždė pasirašė daugiametę sutartį su klubu (Paris),6,0,0.902,0.049,0.049
26377,14 Start-up raises $50 million to scale its AI platform (Paris),7,2,0.042,0.044,0.914
3070,Šis triukas pakeis jūsų gyvenimą amžiams — You won't believe it (New York),9,1,0.034,0.932,0.034
30040,66 Treneris aiškino naują gynybos taktiką po rungtynių dėl rinkos reakcijos,8,0,0.923,0.039,0.038
2227,Didelė saugumo spraga paveikė milijonus vartotojų as markets react,8,1,0.041,0.922,0.037
718,Treneris aiškino naują gynybos taktiką po rungtynių — analysts say,8,0,0.706,0.042,0.251
36168,79 Apple unveils a new iPhone with advanced camera and AI features analitikų teigimu,10,1,0.032,0.935,0.033
5232,33 Coach explains new defensive tactics after the game,6,2,0.048,0.049,0.903
8380,95 Vietos komanda laimėjo nacionalinį čempionatą pratęsimuose,6,0,0.905,0.048,0.048
9679,2 Perėjimų gandai: jaunas puolėjas gali kainuoti rekordą,7,1,0.042,0.917,0.042
103,She did X — what happens next will shock you (Berlin),4,1,0.069,0.862,0.069
653,Vietos komanda laimėjo nacionalinį čempionatą pratęsimuose (Paris),7,0,0.914,0.043,0.043
45835,56 This trick will change your life forever (London),5,2,0.056,0.056,0.887
7336,81 Major security breach affects millions of users worldwide,7,1,0.042,0.917,0.042
10589,Vietos komanda laimėjo nacionalinį čempionatą pratęsimuose in a surprise move (Vilnius),8,0,0.923,0.039,0.038
11328,25 Messi įmušė įspūdingą įvartį Lygų taurėje (London),7,2,0.042,0.042,0.916
20224,Messi scores a stunning goal in the Champions League match amid concerns (London),10,2,0.222,0.031,0.747
19620,87 She did X — what happens next will shock you,3,1,0.083,0.833,0.083
9211,45 Open-source libraries accelerate machine learning workflows,7,2,0.042,0.042,0.917
5278,Apple unveils a new iPhone with advanced camera and AI features in a surprise move,9,1,0.034,0.932,0.034
3960,67 Stock market falls amid inflation concerns,6,0,0.904,0.048,0.048
38195,Start-up raises $50 million to scale its AI platform as markets react (Berlin),9,2,0.252,0.041,0.707
119,63 This trick will change your life forever,4,2,0.067,0.067,0.867
49953,Stock market falls amid inflation concerns analitikų teigimu (New York),10,0,0.933,0.034,0.034
6838,Atviro kodo bibliotekos pagreitina mašininio mokymosi procesus (Paris),8,2,0.037,0.038,0.925
24068,76 10 reasons you should never buy this gadget,3,2,0.083,0.083,0.833
33328,"Central bank cuts rates, markets rally on dovish guidance in a surprise move (Vilnius)",10,0,0.937,0.032,0.031
13032,44 Earnings beat expectations as revenue grows in cloud segment,7,2,0.042,0.042,0.917
37136,Atviro kodo bibliotekos pagreitina mašininio mokymosi procesus analitikų teigimu (New York),11,2,0.029,0.029,0.942
40792,28 Stock market falls amid inflation concerns,6,0,0.904,0.048,0.048
43128,82 Atviro kodo bibliotekos pagreitina mašininio mokymosi procesus (Kaunas),8,2,0.038,0.038,0.924
9887,38 Analysts predict record profits for the banking sector,6,2,0.048,0.049,0.903
34571,"74 10 priežasčių, kodėl niekada nepirkti šio daikto",6,0,0.905,0.048,0.048
73,Didelė saugumo spraga paveikė milijonus vartotojų,6,1,0.048,0.905,0.048
8850,6 Investors hedge inflation risk using index-linked bonds (Vilnius),9,1,0.035,0.931,0.034
6918,"74 Central bank cuts rates, markets rally on dovish guidance",8,0,0.926,0.037,0.037
36629,"46 Central bank cuts rates, markets rally on dovish guidance",8,0,0.926,0.037,0.037
5375,Major security breach affects millions of users worldwide (New York),9,1,0.034,0.932,0.034
19553,39 Treneris aiškino naują gynybos taktiką po rungtynių (Kaunas),7,0,0.915,0.043,0.042
30927,30 Apple unveils a new iPhone with advanced camera and AI features in a surprise move,9,1,0.034,0.932,0.034
45581,7 Star player signs a multi-year contract with club (Paris),8,0,0.924,0.038,0.038
42733,"34 Central bank cuts rates, markets rally on dovish guidance",8,0,0.926,0.037,0.037
35641,34 Kaip pagreitinti kompiuterį paprastais triukais (Paris),5,1,0.057,0.885,0.058
38003,16 Apple unveils a new iPhone with advanced camera and AI features (London),9,1,0.034,0.93,0.035
13471,96 Top 7 secrets companies don't want you to know,5,2,0.056,0.056,0.889
6302,"92 Negalėsite patikėti, kas įvyko toliau — Find out why",4,2,0.067,0.071,0.862
39241,Kaip pagreitinti kompiuterį paprastais triukais as markets react (Vilnius),7,1,0.048,0.91,0.042
12350,67 Žvaigždė pasirašė daugiametę sutartį su klubu after report,6,0,0.904,0.049,0.048
31312,13 Coach explains new defensive tactics after the game,6,2,0.048,0.049,0.903
6069,45 Didelė saugumo spraga paveikė milijonus vartotojų,6,1,0.048,0.905,0.048
3839,80 How to speed up your computer with simple tweaks,4,2,0.067,0.067,0.867
5510,17 Investors hedge inflation risk using index-linked bonds analitikų teigimu,10,1,0.032,0.936,0.032
24039,99 Transfer rumors suggest a record deal for the young striker,7,1,0.042,0.916,0.042
3739,57 Startuolis pritraukė 50 mln. USD DI platformos plėtrai,7,0,0.916,0.042,0.042
27595,81 10 reasons you should never buy this gadget,3,2,0.083,0.083,0.833
2160,28 This trick will change your life forever (Kaunas),5,2,0.058,0.059,0.883
26287,"48 Negalėsite patikėti, kas įvyko toliau",4,2,0.067,0.071,0.862
365,28 Local team wins national championship in overtime,6,2,0.048,0.048,0.905
11964,27 Vietos komanda laimėjo nacionalinį čempionatą pratęsimuose (Vilnius),7,0,0.914,0.043,0.043
23210,"57 Top 7 paslaptys, kurias įmonės nenori, kad žinotumėte — Find out why (Paris)",5,2,0.057,0.057,0.886
20448,89 Stock market falls amid inflation concerns,6,0,0.904,0.048,0.048
34547,44 „Apple“ pristatė naują iPhone su pažangia kamera ir DI funkcijomis (Berlin),9,1,0.036,0.93,0.034
10935,This trick will change your life forever — Find out why (Madrid),5,2,0.058,0.059,0.884
6078,"Negalėsite patikėti, kas įvyko toliau — Find out why (Paris)",5,2,0.057,0.06,0.883
13329,43 Treneris aiškino naują gynybos taktiką po rungtynių (London),7,0,0.913,0.043,0.044
9104,56 Perėjimų gandai: jaunas puolėjas gali kainuoti rekordą dėl rinkos reakcijos,9,1,0.034,0.932,0.034
32745,67 „Apple“ pristatė naują iPhone su pažangia kamera ir DI funkcijomis,8,1,0.039,0.924,0.037
18868,88 Open-source libraries accelerate machine learning workflows (Paris),8,2,0.037,0.038,0.925
26766,79 You won't believe what happened next (London),4,1,0.069,0.858,0.073
29366,"55 Ji padarė X — kas nutiks toliau, pribloškia — You won't believe it (Paris)",8,1,0.038,0.924,0.038
38922,14 10 reasons you should never buy this gadget,3,2,0.083,0.083,0.833
621,Žvaigždė pasirašė daugiametę sutartį su klubu po pranešimo,6,0,0.903,0.048,0.048
21843,53 „Apple“ pristatė naują iPhone su pažangia kamera ir DI funkcijomis (Paris),9,1,0.036,0.93,0.034
20977,82 Top 7 secrets companies don't want you to know,5,2,0.056,0.056,0.889
32578,Stock market falls amid inflation concerns as markets react (Berlin),9,0,0.931,0.035,0.034
43459,79 Vietos komanda laimėjo nacionalinį čempionatą pratęsimuose (Vilnius),7,0,0.914,0.043,0.043
13137,59 Atviro kodo bibliotekos pagreitina mašininio mokymosi procesus amid concerns,9,2,0.233,0.033,0.733
23700,80 Messi įmušė įspūdingą įvartį Lygų taurėje (Paris),7,2,0.042,0.042,0.915
9409,"29 10 priežasčių, kodėl niekada nepirkti šio daikto — Read more",7,0,0.913,0.044,0.043
4959,37 Stock market falls amid inflation concerns amid concerns (Berlin),9,0,0.932,0.034,0.034
18330,"89 Negalėsite patikėti, kas įvyko toliau — Find out why",4,2,0.067,0.071,0.862
1849,18 Atviro kodo bibliotekos pagreitina mašininio mokymosi procesus,7,2,0.042,0.042,0.917
1373,"Central bank cuts rates, markets rally on dovish guidance (Madrid)",9,0,0.932,0.034,0.034
8193,75 Start-up raises $50 million to scale its AI platform,6,2,0.048,0.049,0.903
48215,64 10 reasons you should never buy this gadget (Vilnius),4,2,0.069,0.07,0.862
8941,"12 Central bank cuts rates, markets rally on dovish guidance",8,0,0.926,0.037,0.037
10970,82 Messi įmušė įspūdingą įvartį Lygų taurėje,6,2,0.048,0.048,0.905
33095,43 Open-source libraries accelerate machine learning workflows,7,2,0.042,0.042,0.917
19,Start-up raises $50 million to scale its AI platform (Madrid),7,2,0.043,0.045,0.912
20772,Earnings beat expectations as revenue grows in cloud segment amid concerns (Kaunas),10,2,0.241,0.031,0.728
3169,57 Investors hedge inflation risk using index-linked bonds,8,1,0.038,0.925,0.037
13576,54 Investors hedge inflation risk using index-linked bonds,8,1,0.038,0.925,0.037
13955,66 Open-source libraries accelerate machine learning workflows,7,2,0.042,0.042,0.917
7798,Perėjimų gandai: jaunas puolėjas gali kainuoti rekordą as markets react (Madrid),10,1,0.033,0.936,0.031
8443,69 Perėjimų gandai: jaunas puolėjas gali kainuoti rekordą,7,1,0.042,0.917,0.042
1198,Local team wins national championship in overtime po pranešimo,7,2,0.043,0.042,0.915
643,Kaip pagreitinti kompiuterį paprastais triukais (Madrid),5,1,0.057,0.887,0.056
29330,84 How to speed up your computer with simple tweaks,4,2,0.067,0.067,0.867
6366,Šis triukas pakeis jūsų gyvenimą amžiams (Madrid),6,1,0.049,0.903,0.048
7098,70 She did X — what happens next will shock you,3,1,0.083,0.833,0.083
4596,88 Coach explains new defensive tactics after the game,6,2,0.048,0.049,0.903
3740,Šis triukas pakeis jūsų gyvenimą amžiams — Find out why (New York),7,1,0.043,0.914,0.043
24754,"20 Central bank cuts rates, markets rally on dovish guidance",8,0,0.926,0.037,0.037
44100,63 Transfer rumors suggest a record deal for the young striker po pranešimo,8,1,0.039,0.923,0.039
41797,Kaip pagreitinti kompiuterį paprastais triukais amid concerns (Kaunas),7,1,0.327,0.631,0.042
24037,31 Šis triukas pakeis jūsų gyvenimą amžiams (London),6,1,0.049,0.901,0.05
2938,"Top 7 paslaptys, kurias įmonės nenori, kad žinotumėte (New York)",6,2,0.05,0.051,0.899
19902,"19 10 priežasčių, kodėl niekada nepirkti šio daikto — You won't believe it",8,0,0.704,0.259,0.037
26966,47 How to speed up your computer with simple tweaks,4,2,0.067,0.067,0.867
39129,"Central bank cuts rates, markets rally on dovish guidance amid concerns (Madrid)",11,0,0.944,0.028,0.028
27034,69 Top 7 secrets companies don't want you to know,5,2,0.056,0.056,0.889
32645,12 This trick will change your life forever,4,2,0.067,0.067,0.867
27903,17 Start-up raises $50 million to scale its AI platform,6,2,0.048,0.049,0.903
25734,Startuolis pritraukė 50 mln. USD DI platformos plėtrai analitikų teigimu (Paris),10,0,0.935,0.032,0.033
18078,Major security breach affects millions of users worldwide analitikų teigimu (Madrid),10,1,0.032,0.936,0.032
11153,90 Top 7 secrets companies don't want you to know (Kaunas),6,2,0.05,0.05,0.9
29762,"96 Top 7 paslaptys, kurias įmonės nenori, kad žinotumėte (London)",5,2,0.056,0.056,0.887
3668,11 Messi scores a stunning goal in the Champions League match,7,2,0.042,0.042,0.917
39488,69 Transfer rumors suggest a record deal for the young striker,7,1,0.042,0.916,0.042
29264,Šis triukas pakeis jūsų gyvenimą amžiams — Number 5 is shocking (Madrid),8,1,0.038,0.923,0.039
80,Start-up raises $50 million to scale its AI platform,6,2,0.048,0.049,0.903
2246,2 Messi įmušė įspūdingą įvartį Lygų taurėje,6,2,0.048,0.048,0.905
43458,41 Kaip pagreitinti kompiuterį paprastais triukais,4,1,0.067,0.867,0.067
30382,"10 Top 7 paslaptys, kurias įmonės nenori, kad žinotumėte",4,2,0.067,0.067,0.867
1876,32 Šis triukas pakeis jūsų gyvenimą amžiams — Find out why,5,1,0.056,0.889,0.056
25056,52 Stock market falls amid inflation concerns after report,7,0,0.915,0.043,0.042
17571,How to speed up your computer with simple tweaks amid concerns (Vilnius),7,2,0.325,0.043,0.632
1518,Apple unveils a new iPhone with advanced camera and AI features amid concerns,10,1,0.22,0.749,0.031
33605,75 How to speed up your computer with simple tweaks,4,2,0.067,0.067,0.867
38673,66 Perėjimų gandai: jaunas puolėjas gali kainuoti rekordą dėl rinkos reakcijos,9,1,0.034,0.932,0.034
48621,41 She did X — what happens next will shock you,3,1,0.083,0.833,0.083
6693,Star player signs a multi-year contract with club dėl rinkos reakcijos (New York),11,0,0.94,0.03,0.029
8784,99 Top 7 secrets companies don't want you to know,5,2,0.056,0.056,0.889
41786,7 „Apple“ pristatė naują iPhone su pažangia kamera ir DI funkcijomis,8,1,0.039,0.924,0.037
26342,15 Apple unveils a new iPhone with advanced camera and AI features (Paris),9,1,0.034,0.931,0.035
45645,68 Stock market falls amid inflation concerns dėl rinkos reakcijos,8,0,0.923,0.039,0.038
42975,11 Didelė saugumo spraga paveikė milijonus vartotojų dėl rinkos reakcijos (Vilnius),9,1,0.035,0.931,0.035
46906,23 This trick will change your life forever (Paris),5,2,0.057,0.057,0.887
41077,83 Atviro kodo bibliotekos pagreitina mašininio mokymosi procesus,7,2,0.042,0.042,0.917
264,71 „Apple“ pristatė naują iPhone su pažangia kamera ir DI funkcijomis,8,1,0.039,0.924,0.037
8729,3 Perėjimų gandai: jaunas puolėjas gali kainuoti rekordą,7,1,0.042,0.917,0.042
7330,81 She did X — what happens next will shock you,3,1,0.083,0.833,0.083
48521,96 Investors hedge inflation risk using index-linked bonds (Berlin),9,1,0.035,0.931,0.034
7513,45 This trick will change your life forever,4,2,0.067,0.067,0.867
303,Open-source libraries accelerate machine learning workflows (Berlin),8,2,0.038,0.038,0.924
16603,"59 10 priežasčių, kodėl niekada nepirkti šio daikto",6,0,0.905,0.048,0.048
11148,How to speed up your computer with simple tweaks analitikų teigimu (London),7,2,0.043,0.043,0.914
30290,2 This trick will change your life forever (Berlin),5,2,0.057,0.058,0.885
39939,72 Coach explains new defensive tactics after the game,6,2,0.048,0.049,0.903
22198,"26 Top 7 paslaptys, kurias įmonės nenori, kad žinotumėte (Berlin)",5,2,0.057,0.058,0.885
1775,"Ji padarė X — kas nutiks toliau, pribloškia — Number 5 is shocking (Berlin)",8,1,0.038,0.922,0.04
35126,"7 10 priežasčių, kodėl niekada nepirkti šio daikto — You won't believe it (Berlin)",9,0,0.707,0.26,0.034
46910,"25 Ji padarė X — kas nutiks toliau, pribloškia — Number 5 is shocking (Berlin)",8,1,0.038,0.922,0.04
19006,You won't believe what happened next — You won't believe it (New York),7,1,0.043,0.914,0.043
30800,Stock market falls amid inflation concerns po pranešimo (Madrid),8,0,0.923,0.039,0.038
3497,This trick will change your life forever (Berlin),5,2,0.057,0.058,0.885
716,Perėjimų gandai: jaunas puolėjas gali kainuoti rekordą (New York),9,1,0.034,0.932,0.034
34286,"7 Central bank cuts rates, markets rally on dovish guidance",8,0,0.926,0.037,0.037
10698,60 10 reasons you should never buy this gadget (Vilnius),4,2,0.069,0.07,0.862
272,"Ji padarė X — kas nutiks toliau, pribloškia — Find out why",5,1,0.056,0.888,0.057
9466,45 Treneris aiškino naują gynybos taktiką po rungtynių,6,0,0.904,0.048,0.048
41526,38 She did X — what happens next will shock you — Read more,4,1,0.068,0.864,0.069
26028,83 This trick will change your life forever,4,2,0.067,0.067,0.867
5381,How to speed up your computer with simple tweaks po pranešimo (Madrid),6,2,0.051,0.051,0.898
2079,63 Top 7 secrets companies don't want you to know,5,2,0.056,0.056,0.889
31056,61 Apple unveils a new iPhone with advanced camera and AI features,8,1,0.037,0.925,0.038
5180,Apple unveils a new iPhone with advanced camera and AI features as markets react,10,1,0.033,0.936,0.031
15485,40 This trick will change your life forever,4,2,0.067,0.067,0.867
3542,Messi įmušė įspūdingą įvartį Lygų taurėje amid concerns (New York),10,2,0.251,0.032,0.718
31605,32 Analysts predict record profits for the banking sector po pranešimo,7,2,0.043,0.043,0.914
5163,60 You won't believe what happened next,3,1,0.083,0.833,0.083
19389,58 You won't believe what happened next,3,1,0.083,0.833,0.083
37937,50 Šis triukas pakeis jūsų gyvenimą amžiams — You won't believe it,7,1,0.042,0.917,0.042
7433,"53 Ji padarė X — kas nutiks toliau, pribloškia",5,1,0.056,0.888,0.057
21254,"Top 7 paslaptys, kurias įmonės nenori, kad žinotumėte — Find out why (Madrid)",5,2,0.058,0.059,0.884
40718,72 Kaip pagreitinti kompiuterį paprastais triukais,4,1,0.067,0.867,0.067
1000,3 Earnings beat expectations as revenue grows in cloud segment,7,2,0.042,0.042,0.917
30887,17 You won't believe what happened next — Number 5 is shocking (Paris),6,1,0.049,0.898,0.053
32620,Messi įmušė įspūdingą įvartį Lygų taurėje as markets react (New York),10,2,0.245,0.036,0.719
854,10 reasons you should never buy this gadget — Find out why (London),4,2,0.068,0.068,0.864
21559,83 Kaip pagreitinti kompiuterį paprastais triukais — analysts say,6,1,0.048,0.897,0.056
28757,Vietos komanda laimėjo nacionalinį čempionatą pratęsimuose amid concerns (London),9,0,0.932,0.034,0.034
37887,2 Vietos komanda laimėjo nacionalinį čempionatą pratęsimuose,6,0,0.905,0.048,0.048
21941,"40 Ji padarė X — kas nutiks toliau, pribloškia",5,1,0.056,0.888,0.057
2258,Investors hedge inflation risk using index-linked bonds after report,9,1,0.035,0.931,0.033
20312,"94 Top 7 paslaptys, kurias įmonės nenori, kad žinotumėte",4,2,0.067,0.067,0.867
4164,Transfer rumors suggest a record deal for the young striker as markets react,9,1,0.036,0.93,0.034
3273,Treneris aiškino naują gynybos taktiką po rungtynių analitikų teigimu,8,0,0.922,0.039,0.039
15587,5 Earnings beat expectations as revenue grows in cloud segment,7,2,0.042,0.042,0.917
44207,45 Local team wins national championship in overtime (Berlin),7,2,0.043,0.043,0.915
31428,Startuolis pritraukė 50 mln. USD DI platformos plėtrai po pranešimo (Paris),9,0,0.931,0.035,0.035
47356,"96 Top 7 paslaptys, kurias įmonės nenori, kad žinotumėte",4,2,0.067,0.067,0.867
28364,Startuolis pritraukė 50 mln. USD DI platformos plėtrai as markets react (Berlin),10,0,0.938,0.032,0.031
932,Analysts predict record profits for the banking sector (New York),8,2,0.038,0.04,0.921
37285,64 You won't believe what happened next,3,1,0.083,0.833,0.083
47402,20 Stock market falls amid inflation concerns,6,0,0.904,0.048,0.048
27810,31 You won't believe what happened next,3,1,0.083,0.833,0.083
4190,10 Earnings beat expectations as revenue grows in cloud segment,7,2,0.042,0.042,0.917
25655,25 Major security breach affects millions of users worldwide (Vilnius),8,1,0.037,0.925,0.038
4054,Star player signs a multi-year contract with club after report (Madrid),9,0,0.932,0.034,0.034
20983,13 Didelė saugumo spraga paveikė milijonus vartotojų (Kaunas),7,1,0.042,0.916,0.042
41193,16 Messi įmušė įspūdingą įvartį Lygų taurėje,6,2,0.048,0.048,0.905
15680,41 Earnings beat expectations as revenue grows in cloud segment amid concerns,9,2,0.233,0.033,0.733
27366,68 Start-up raises $50 million to scale its AI platform,6,2,0.048,0.049,0.903
10048,Transfer rumors suggest a record deal for the young striker (New York),9,1,0.034,0.931,0.035
12630,52 Apple unveils a new iPhone with advanced camera and AI features — analysts say,10,1,0.03,0.936,0.034
43655,38 This trick will change your life forever — You won't believe it,6,2,0.048,0.333,0.619
10363,34 Stock market falls amid inflation concerns (Kaunas),7,0,0.915,0.043,0.042
1216,47 She did X — what happens next will shock you (London),4,1,0.069,0.858,0.073
32993,61 10 reasons you should never buy this gadget,3,2,0.083,0.083,0.833
13628,57 Analysts predict record profits for the banking sector,6,2,0.048,0.049,0.903
2551,7 Kaip pagreitinti kompiuterį paprastais triukais dėl rinkos reakcijos (New York),8,1,0.04,0.921,0.039
34143,Investors hedge inflation risk using index-linked bonds dėl rinkos reakcijos (Vilnius),11,1,0.03,0.942,0.029
30002,38 How to speed up your computer with simple tweaks,4,2,0.067,0.067,0.867
27799,53 Stock market falls amid inflation concerns analitikų teigimu,8,0,0.922,0.039,0.039
8554,"Negalėsite patikėti, kas įvyko toliau (Vilnius)",5,2,0.057,0.061,0.882
6443,22 Major security breach affects millions of users worldwide,7,1,0.042,0.917,0.042
31975,74 Top 7 secrets companies don't want you to know,5,2,0.056,0.056,0.889
9077,78 This trick will change your life forever — Number 5 is shocking,6,2,0.048,0.05,0.902
44600,This trick will change your life forever — Read more (Madrid),6,2,0.05,0.052,0.898
3627,"17 10 priežasčių, kodėl niekada nepirkti šio daikto — Read more (Berlin)",8,0,0.921,0.04,0.039
31037,„Apple“ pristatė naują iPhone su pažangia kamera ir DI funkcijomis amid concerns (Madrid),11,1,0.272,0.7,0.028
19178,2 Stock market falls amid inflation concerns,6,0,0.904,0.048,0.048
41819,66 Investors hedge inflation risk using index-linked bonds,8,1,0.038,0.925,0.037
445,Top 7 secrets companies don't want you to know (London),6,2,0.048,0.048,0.904
43831,72 Startuolis pritraukė 50 mln. USD DI platformos plėtrai (Kaunas),8,0,0.924,0.038,0.037
10871,70 Open-source libraries accelerate machine learning workflows,7,2,0.042,0.042,0.917
70,Analysts predict record profits for the banking sector (London),7,2,0.042,0.043,0.915
19912,29 Stock market falls amid inflation concerns,6,0,0.904,0.048,0.048
16170,100 Messi įmušė įspūdingą įvartį Lygų taurėje po pranešimo,7,2,0.043,0.042,0.915
37739,37 Didelė saugumo spraga paveikė milijonus vartotojų,6,1,0.048,0.905,0.048
4435,98 Apple unveils a new iPhone with advanced camera and AI features,8,1,0.037,0.925,0.038
7786,Messi įmušė įspūdingą įvartį Lygų taurėje po pranešimo (Madrid),8,2,0.039,0.039,0.922
4633,12 Perėjimų gandai: jaunas puolėjas gali kainuoti rekordą (New York),9,1,0.034,0.932,0.034
13344,Messi įmušė įspūdingą įvartį Lygų taurėje in a surprise move,7,2,0.043,0.044,0.913
10769,18 Didelė saugumo spraga paveikė milijonus vartotojų dėl rinkos reakcijos,8,1,0.038,0.924,0.038
9249,8 Messi scores a stunning goal in the Champions League match (Berlin),8,2,0.038,0.038,0.924
24129,16 Apple unveils a new iPhone with advanced camera and AI features po pranešimo,9,1,0.035,0.93,0.035
33268,Local team wins national championship in overtime analitikų teigimu (New York),10,2,0.032,0.032,0.936
38602,Kaip pagreitinti kompiuterį paprastais triukais analitikų teigimu (Paris),7,1,0.045,0.907,0.048
32611,33 Stock market falls amid inflation concerns,6,0,0.904,0.048,0.048
8315,"Ji padarė X — kas nutiks toliau, pribloškia — Find out why (Paris)",6,1,0.049,0.901,0.05
29741,50 She did X — what happens next will shock you,3,1,0.083,0.833,0.083
40424,71 10 reasons you should never buy this gadget (New York),5,2,0.059,0.061,0.88
27328,10 reasons you should never buy this gadget — Read more (New York),6,2,0.051,0.054,0.895
12256,41 Top 7 secrets companies don't want you to know,5,2,0.056,0.056,0.889
10096,"10 priežasčių, kodėl niekada nepirkti šio daikto — Find out why (Madrid)",7,0,0.915,0.043,0.042
17771,40 Star player signs a multi-year contract with club,7,0,0.917,0.042,0.042
23741,Treneris aiškino naują gynybos taktiką po rungtynių amid concerns (Vilnius),9,0,0.932,0.034,0.034
32654,65 Treneris aiškino naują gynybos taktiką po rungtynių (London),7,0,0.913,0.043,0.044
8801,91 You won't believe what happened next (London),4,1,0.069,0.858,0.073
24143,67 Messi scores a stunning goal in the Champions League match,7,2,0.042,0.042,0.917
3163,Treneris aiškino naują gynybos taktiką po rungtynių (Kaunas),7,0,0.915,0.043,0.042
43387,12 „Apple“ pristatė naują iPhone su pažangia kamera ir DI funkcijomis,8,1,0.039,0.924,0.037
14894,50 Star player signs a multi-year contract with club,7,0,0.917,0.042,0.042
38864,41 Vietos komanda laimėjo nacionalinį čempionatą pratęsimuose (London),7,0,0.914,0.043,0.044
18558,21 Start-up raises $50 million to scale its AI platform,6,2,0.048,0.049,0.903
8346,43 Treneris aiškino naują gynybos taktiką po rungtynių amid concerns,8,0,0.926,0.037,0.037
25449,97 You won't believe what happened next (Berlin),4,1,0.069,0.862,0.069
45026,85 Vietos komanda laimėjo nacionalinį čempionatą pratęsimuose,6,0,0.905,0.048,0.048
12469,74 Star player signs a multi-year contract with club po pranešimo,8,0,0.925,0.037,0.038
1120,86 She did X — what happens next will shock you (Vilnius),4,1,0.068,0.863,0.069
36552,60 Startuolis pritraukė 50 mln. USD DI platformos plėtrai,7,0,0.916,0.042,0.042
11193,28 Startuolis pritraukė 50 mln. USD DI platformos plėtrai,7,0,0.916,0.042,0.042
19632,94 Transfer rumors suggest a record deal for the young striker dėl rinkos reakcijos,9,1,0.034,0.931,0.035
48942,73 Open-source libraries accelerate machine learning workflows,7,2,0.042,0.042,0.917
970,Perėjimų gandai: jaunas puolėjas gali kainuoti rekordą (Berlin),8,1,0.038,0.925,0.038
45713,"58 Negalėsite patikėti, kas įvyko toliau — Find out why",4,2,0.067,0.071,0.862
21131,62 Start-up raises $50 million to scale its AI platform,6,2,0.048,0.049,0.903
37313,31 Atviro kodo bibliotekos pagreitina mašininio mokymosi procesus,7,2,0.042,0.042,0.917
12383,60 Earnings beat expectations as revenue grows in cloud segment (Vilnius),8,2,0.038,0.038,0.925
3090,47 Apple unveils a new iPhone with advanced camera and AI features (Berlin),9,1,0.034,0.931,0.035
31650,78 Messi įmušė įspūdingą įvartį Lygų taurėje,6,2,0.048,0.048,0.905
17655,79 Open-source libraries accelerate machine learning workflows analitikų teigimu,9,2,0.034,0.034,0.932
4897,21 She did X — what happens next will shock you,3,1,0.083,0.833,0.083
21,Kaip pagreitinti kompiuterį paprastais triukais — analysts say,6,1,0.048,0.897,0.056
35258,94 Analysts predict record profits for the banking sector analitikų teigimu,8,2,0.038,0.039,0.923
18815,13 Stock market falls amid inflation concerns,6,0,0.904,0.048,0.048
3004,70 Vietos komanda laimėjo nacionalinį čempionatą pratęsimuose,6,0,0.905,0.048,0.048
16304,53 Atviro kodo bibliotekos pagreitina mašininio mokymosi procesus (Berlin),8,2,0.038,0.038,0.924
26422,78 Žvaigždė pasirašė daugiametę sutartį su klubu po pranešimo,6,0,0.903,0.048,0.048
1481,29 Star player signs a multi-year contract with club,7,0,0.917,0.042,0.042
20736,47 Žvaigždė pasirašė daugiametę sutartį su klubu,5,0,0.889,0.056,0.056
3362,Žvaigždė pasirašė daugiametę sutartį su klubu amid concerns,7,0,0.917,0.042,0.042
26186,73 Start-up raises $50 million to scale its AI platform,6,2,0.048,0.049,0.903
47334,"29 Central bank cuts rates, markets rally on dovish guidance",8,0,0.926,0.037,0.037
44637,28 Perėjimų gandai: jaunas puolėjas gali kainuoti rekordą dėl rinkos reakcijos (Vilnius),10,1,0.032,0.937,0.031
5454,"16 Negalėsite patikėti, kas įvyko toliau",4,2,0.067,0.071,0.862
34024,Kaip pagreitinti kompiuterį paprastais triukais in a surprise move (New York),7,1,0.044,0.913,0.043
22817,21 Transfer rumors suggest a record deal for the young striker in a surprise move,8,1,0.038,0.925,0.038
14297,12 Vietos komanda laimėjo nacionalinį čempionatą pratęsimuose (Paris),7,0,0.914,0.043,0.043
10908,3 Atviro kodo bibliotekos pagreitina mašininio mokymosi procesus analitikų teigimu (Paris),10,2,0.031,0.031,0.938
2153,50 Analysts predict record profits for the banking sector (London),7,2,0.042,0.043,0.915
524,10 „Apple“ pristatė naują iPhone su pažangia kamera ir DI funkcijomis,8,1,0.039,0.924,0.037
34912,95 She did X — what happens next will shock you — Find out why,3,1,0.083,0.833,0.083
14481,35 She did X — what happens next will shock you (Vilnius),4,1,0.068,0.863,0.069
13821,37 Messi įmušė įspūdingą įvartį Lygų taurėje,6,2,0.048,0.048,0.905
8261,25 Top 7 secrets companies don't want you to know,5,2,0.056,0.056,0.889
8402,Major security breach affects millions of users worldwide po pranešimo (Madrid),9,1,0.035,0.93,0.035
10802,62 Startuolis pritraukė 50 mln. USD DI platformos plėtrai (Madrid),8,0,0.924,0.038,0.037
3221,84 Open-source libraries accelerate machine learning workflows in a surprise move (London),9,2,0.035,0.035,0.93
6046,63 Kaip pagreitinti kompiuterį paprastais triukais,4,1,0.067,0.867,0.067
13267,41 10 reasons you should never buy this gadget (Kaunas),4,2,0.071,0.072,0.857
29238,Open-source libraries accelerate machine learning workflows dėl rinkos reakcijos (Madrid),10,2,0.033,0.033,0.935
1796,100 She did X — what happens next will shock you (New York),5,1,0.058,0.884,0.058
28256,35 Investors hedge inflation risk using index-linked bonds,8,1,0.038,0.925,0.037
6446,"20 Ji padarė X — kas nutiks toliau, pribloškia — Number 5 is shocking",7,1,0.042,0.913,0.044
38913,3 Analysts predict record profits for the banking sector,6,2,0.048,0.049,0.903
2635,86 Analysts predict record profits for the banking sector,6,2,0.048,0.049,0.903
10080,78 Kaip pagreitinti kompiuterį paprastais triukais,4,1,0.067,0.867,0.067
33231,87 Stock market falls amid inflation concerns,6,0,0.904,0.048,0.048
48854,89 Transfer rumors suggest a record deal for the young striker,7,1,0.042,0.916,0.042
17966,75 Earnings beat expectations as revenue grows in cloud segment,7,2,0.042,0.042,0.917
5734,84 Kaip pagreitinti kompiuterį paprastais triukais,4,1,0.067,0.867,0.067
5650,This trick will change your life forever — Read more (Berlin),6,2,0.05,0.051,0.899
25086,78 Apple unveils a new iPhone with advanced camera and AI features — analysts say,10,1,0.03,0.936,0.034
43625,Major security breach affects millions of users worldwide dėl rinkos reakcijos (Madrid),10,1,0.032,0.937,0.031
6031,You won't believe what happened next — Read more (Madrid),5,1,0.058,0.884,0.058
12805,Didelė saugumo spraga paveikė milijonus vartotojų in a surprise move (Madrid),8,1,0.038,0.924,0.038
3962,"91 Central bank cuts rates, markets rally on dovish guidance",8,0,0.926,0.037,0.037
29925,Stock market falls amid inflation concerns as markets react (Madrid),9,0,0.931,0.035,0.034
33959,71 Start-up raises $50 million to scale its AI platform analitikų teigimu,8,2,0.038,0.039,0.923
15928,52 You won't believe what happened next,3,1,0.083,0.833,0.083
552,Stock market falls amid inflation concerns amid concerns (Berlin),9,0,0.932,0.034,0.034
26681,38 Earnings beat expectations as revenue grows in cloud segment,7,2,0.042,0.042,0.917
19308,Start-up raises $50 million to scale its AI platform po pranešimo (Paris),8,2,0.038,0.039,0.923
2775,16 Apple unveils a new iPhone with advanced camera and AI features (Kaunas),9,1,0.034,0.932,0.034
9834,25 Stock market falls amid inflation concerns,6,0,0.904,0.048,0.048
35446,86 Start-up raises $50 million to scale its AI platform — analysts say,8,2,0.037,0.039,0.924
12994,3 Investors hedge inflation risk using index-linked bonds,8,1,0.038,0.925,0.037
19717,98 Investors hedge inflation risk using index-linked bonds,8,1,0.038,0.925,0.037
9831,35 Messi įmušė įspūdingą įvartį Lygų taurėje,6,2,0.048,0.048,0.905
14843,57 Vietos komanda laimėjo nacionalinį čempionatą pratęsimuose,6,0,0.905,0.048,0.048
44188,25 Messi scores a stunning goal in the Champions League match (London),8,2,0.037,0.037,0.925
507,54 Top 7 secrets companies don't want you to know,5,2,0.056,0.056,0.889
6826,28 Apple unveils a new iPhone with advanced camera and AI features in a surprise move,9,1,0.034,0.932,0.034
34302,17 Top 7 secrets companies don't want you to know,5,2,0.056,0.056,0.889
15311,"9 10 priežasčių, kodėl niekada nepirkti šio daikto — You won't believe it",8,0,0.704,0.259,0.037
10199,16 Major security breach affects millions of users worldwide,7,1,0.042,0.917,0.042
10877,49 Local team wins national championship in overtime,6,2,0.048,0.048,0.905
32885,How to speed up your computer with simple tweaks po pranešimo (New York),7,2,0.045,0.045,0.91
9304,"74 10 priežasčių, kodėl niekada nepirkti šio daikto — Find out why",6,0,0.905,0.048,0.048
33030,72 How to speed up your computer with simple tweaks,4,2,0.067,0.067,0.867
112,Stock market falls amid inflation concerns,6,0,0.904,0.048,0.048
2080,53 Transfer rumors suggest a record deal for the young striker,7,1,0.042,0.916,0.042
8779,20 This trick will change your life forever,4,2,0.067,0.067,0.867
210,Didelė saugumo spraga paveikė milijonus vartotojų dėl rinkos reakcijos,8,1,0.038,0.924,0.038
7004,13 How to speed up your computer with simple tweaks,4,2,0.067,0.067,0.867
313,Messi scores a stunning goal in the Champions League match (Berlin),8,2,0.038,0.038,0.924
22788,28 How to speed up your computer with simple tweaks,4,2,0.067,0.067,0.867
36029,43 You won't believe what happened next (Madrid),4,1,0.069,0.863,0.068
6510,Vietos komanda laimėjo nacionalinį čempionatą pratęsimuose po pranešimo (New York),9,0,0.929,0.036,0.035
17568,86 This trick will change your life forever (Kaunas),5,2,0.058,0.059,0.883
6255,13 You won't believe what happened next (Kaunas),4,1,0.069,0.863,0.068
25586,66 Analysts predict record profits for the banking sector,6,2,0.048,0.049,0.903
42620,10 Major security breach affects millions of users worldwide (New York),9,1,0.034,0.932,0.034
1588,72 Investors hedge inflation risk using index-linked bonds (Madrid),9,1,0.035,0.932,0.034
42253,25 This trick will change your life forever,4,2,0.067,0.067,0.867
5656,27 Vietos komanda laimėjo nacionalinį čempionatą pratęsimuose,6,0,0.905,0.048,0.048
11321,12 Startuolis pritraukė 50 mln. USD DI platformos plėtrai,7,0,0.916,0.042,0.042
2189,How to speed up your computer with simple tweaks (London),5,2,0.056,0.056,0.887
40805,93 Major security breach affects millions of users worldwide,7,1,0.042,0.917,0.042
2350,62 Top 7 secrets companies don't want you to know,5,2,0.056,0.056,0.889
1550,Atviro kodo bibliotekos pagreitina mašininio mokymosi procesus po pranešimo,8,2,0.038,0.037,0.925
16082,12 Open-source libraries accelerate machine learning workflows,7,2,0.042,0.042,0.917
11748,75 Analysts predict record profits for the banking sector,6,2,0.048,0.049,0.903
16763,46 Kaip pagreitinti kompiuterį paprastais triukais,4,1,0.067,0.867,0.067
3848,33 Didelė saugumo spraga paveikė milijonus vartotojų,6,1,0.048,0.905,0.048
7816,42 Coach explains new defensive tactics after the game,6,2,0.048,0.049,0.903
29727,44 Messi įmušė įspūdingą įvartį Lygų taurėje,6,2,0.048,0.048,0.905
11781,44 Vietos komanda laimėjo nacionalinį čempionatą pratęsimuose analitikų teigimu,8,0,0.922,0.038,0.039
360,She did X — what happens next will shock you (Madrid),4,1,0.069,0.863,0.068
46584,35 Kaip pagreitinti kompiuterį paprastais triukais,4,1,0.067,0.867,0.067
3656,62 Didelė saugumo spraga paveikė milijonus vartotojų,6,1,0.048,0.905,0.048
29171,29 Transfer rumors suggest a record deal for the young striker,7,1,0.042,0.916,0.042
40553,"90 Central bank cuts rates, markets rally on dovish guidance (New York)",10,0,0.936,0.032,0.032
11889,98 Treneris aiškino naują gynybos taktiką po rungtynių,6,0,0.904,0.048,0.048
1565,57 Atviro kodo bibliotekos pagreitina mašininio mokymosi procesus,7,2,0.042,0.042,0.917
28988,97 Start-up raises $50 million to scale its AI platform,6,2,0.048,0.049,0.903
26025,69 „Apple“ pristatė naują iPhone su pažangia kamera ir DI funkcijomis as markets react (Berlin),11,1,0.032,0.94,0.028
25567,92 Startuolis pritraukė 50 mln. USD DI platformos plėtrai,7,0,0.916,0.042,0.042
21265,"Negalėsite patikėti, kas įvyko toliau — Read more (London)",6,2,0.049,0.053,0.899
48895,68 Stock market falls amid inflation concerns (New York),8,0,0.921,0.041,0.039
649,53 Local team wins national championship in overtime,6,2,0.048,0.048,0.905
45167,Investors hedge inflation risk using index-linked bonds in a surprise move (Kaunas),10,1,0.032,0.937,0.031
13246,36 Startuolis pritraukė 50 mln. USD DI platformos plėtrai,7,0,0.916,0.042,0.042
29197,61 Atviro kodo bibliotekos pagreitina mašininio mokymosi procesus,7,2,0.042,0.042,0.917
24168,41 Major security breach affects millions of users worldwide,7,1,0.042,0.917,0.042
33563,Earnings beat expectations as revenue grows in cloud segment dėl rinkos reakcijos (Kaunas),10,2,0.033,0.033,0.934
486,Messi scores a stunning goal in the Champions League match — analysts say (Vilnius),10,2,0.031,0.031,0.938
31107,83 Perėjimų gandai: jaunas puolėjas gali kainuoti rekordą (London),8,1,0.038,0.924,0.038
32378,55 This trick will change your life forever — Find out why,4,2,0.067,0.067,0.867
13395,27 10 reasons you should never buy this gadget (New York),5,2,0.059,0.061,0.88
11515,Apple unveils a new iPhone with advanced camera and AI features in a surprise move (Paris),10,1,0.031,0.937,0.032
18841,6 Messi scores a stunning goal in the Champions League match,7,2,0.042,0.042,0.917
10964,"Negalėsite patikėti, kas įvyko toliau (Kaunas)",5,2,0.058,0.064,0.878
30727,76 Stock market falls amid inflation concerns dėl rinkos reakcijos,8,0,0.923,0.039,0.038
45787,26 Žvaigždė pasirašė daugiametę sutartį su klubu,5,0,0.889,0.056,0.056
3440,How to speed up your computer with simple tweaks (Kaunas),5,2,0.058,0.059,0.883
24535,50 Žvaigždė pasirašė daugiametę sutartį su klubu dėl rinkos reakcijos,7,0,0.914,0.044,0.043
44059,Investors hedge inflation risk using index-linked bonds after report (Berlin),10,1,0.032,0.937,0.031
6577,10 Investors hedge inflation risk using index-linked bonds,8,1,0.038,0.925,0.037
21095,87 „Apple“ pristatė naują iPhone su pažangia kamera ir DI funkcijomis amid concerns,10,1,0.277,0.693,0.03
18923,84 Transfer rumors suggest a record deal for the young striker,7,1,0.042,0.916,0.042
9341,Local team wins national championship in overtime as markets react,8,2,0.254,0.042,0.705
33849,91 Treneris aiškino naują gynybos taktiką po rungtynių,6,0,0.904,0.048,0.048
45330,2 Open-source libraries accelerate machine learning workflows — analysts say (London),10,2,0.031,0.031,0.938
31213,99 Atviro kodo bibliotekos pagreitina mašininio mokymosi procesus,7,2,0.042,0.042,0.917
215,This trick will change your life forever (London),5,2,0.056,0.056,0.887
5477,26 How to speed up your computer with simple tweaks,4,2,0.067,0.067,0.867
37082,54 Start-up raises $50 million to scale its AI platform,6,2,0.048,0.049,0.903
48957,48 „Apple“ pristatė naują iPhone su pažangia kamera ir DI funkcijomis as markets react,10,1,0.035,0.935,0.03
485,Šis triukas pakeis jūsų gyvenimą amžiams — Number 5 is shocking,7,1,0.042,0.914,0.044
34492,"66 Negalėsite patikėti, kas įvyko toliau",4,2,0.067,0.071,0.862
48612,54 Messi įmušė įspūdingą įvartį Lygų taurėje,6,2,0.048,0.048,0.905
9911,89 Atviro kodo bibliotekos pagreitina mašininio mokymosi procesus (Paris),8,2,0.037,0.038,0.925
49561,59 Apple unveils a new iPhone with advanced camera and AI features dėl rinkos reakcijos,10,1,0.031,0.937,0.032
19370,32 Treneris aiškino naują gynybos taktiką po rungtynių,6,0,0.904,0.048,0.048
38679,Startuolis pritraukė 50 mln. USD DI platformos plėtrai amid concerns (Berlin),10,0,0.938,0.031,0.031
13173,98 How to speed up your computer with simple tweaks (London),5,2,0.056,0.056,0.887
7840,"49 Central bank cuts rates, markets rally on dovish guidance",8,0,0.926,0.037,0.037
26298,2 Didelė saugumo spraga paveikė milijonus vartotojų,6,1,0.048,0.905,0.048
32341,95 Earnings beat expectations as revenue grows in cloud segment,7,2,0.042,0.042,0.917
29767,36 Local team wins national championship in overtime analitikų teigimu (Vilnius),9,2,0.034,0.035,0.931
9453,18 Treneris aiškino naują gynybos taktiką po rungtynių,6,0,0.904,0.048,0.048
31315,84 Atviro kodo bibliotekos pagreitina mašininio mokymosi procesus (Vilnius),8,2,0.038,0.038,0.925
25565,You won't believe what happened next — Find out why (Berlin),4,1,0.069,0.862,0.069
9963,60 Messi įmušė įspūdingą įvartį Lygų taurėje po pranešimo (Berlin),8,2,0.039,0.038,0.923
11695,21 Star player signs a multi-year contract with club,7,0,0.917,0.042,0.042
5189,Perėjimų gandai: jaunas puolėjas gali kainuoti rekordą as markets react,9,1,0.036,0.931,0.033
12096,53 Atviro kodo bibliotekos pagreitina mašininio mokymosi procesus (London),8,2,0.037,0.037,0.925
35389,82 Messi scores a stunning goal in the Champions League match,7,2,0.042,0.042,0.917
38825,42 Treneris aiškino naują gynybos taktiką po rungtynių,6,0,0.904,0.048,0.048
34156,69 Perėjimų gandai: jaunas puolėjas gali kainuoti rekordą (Berlin),8,1,0.038,0.925,0.038
12051,63 Žvaigždė pasirašė daugiametę sutartį su klubu analitikų teigimu,7,0,0.912,0.043,0.045
13221,57 Messi scores a stunning goal in the Champions League match amid concerns,9,2,0.233,0.033,0.733
409,Investors hedge inflation risk using index-linked bonds dėl rinkos reakcijos,10,1,0.032,0.937,0.031
42529,57 Transfer rumors suggest a record deal for the young striker,7,1,0.042,0.916,0.042
8484,15 This trick will change your life forever,4,2,0.067,0.067,0.867
16645,52 Messi įmušė įspūdingą įvartį Lygų taurėje po pranešimo,7,2,0.043,0.042,0.915
43329,50 Messi scores a stunning goal in the Champions League match,7,2,0.042,0.042,0.917
1401,Kaip pagreitinti kompiuterį paprastais triukais as markets react,6,1,0.054,0.898,0.048
208,Analysts predict record profits for the banking sector as markets react,8,2,0.252,0.045,0.703
16975,13 Open-source libraries accelerate machine learning workflows analitikų teigimu,9,2,0.034,0.034,0.932
6356,91 Atviro kodo bibliotekos pagreitina mašininio mokymosi procesus analitikų teigimu (Paris),10,2,0.031,0.031,0.938
40406,16 Perėjimų gandai: jaunas puolėjas gali kainuoti rekordą — analysts say,9,1,0.033,0.93,0.036
16498,88 Žvaigždė pasirašė daugiametę sutartį su klubu,5,0,0.889,0.056,0.056
39810,100 „Apple“ pristatė naują iPhone su pažangia kamera ir DI funkcijomis (Madrid),9,1,0.036,0.931,0.034
153,Start-up raises $50 million to scale its AI platform dėl rinkos reakcijos,8,2,0.039,0.041,0.92
3469,Didelė saugumo spraga paveikė milijonus vartotojų dėl rinkos reakcijos (Madrid),9,1,0.035,0.931,0.034
10254,86 Vietos komanda laimėjo nacionalinį čempionatą pratęsimuose,6,0,0.905,0.048,0.048
6116,Didelė saugumo spraga paveikė milijonus vartotojų — analysts say (Kaunas),9,1,0.034,0.929,0.037
12791,94 Major security breach affects millions of users worldwide amid concerns,9,1,0.233,0.733,0.033
15922,34 Vietos komanda laimėjo nacionalinį čempionatą pratęsimuose,6,0,0.905,0.048,0.048
49138,30 How to speed up your computer with simple tweaks — analysts say,6,2,0.048,0.049,0.903
26124,95 Open-source libraries accelerate machine learning workflows,7,2,0.042,0.042,0.917
41301,18 Messi scores a stunning goal in the Champions League match,7,2,0.042,0.042,0.917
43480,50 Analysts predict record profits for the banking sector (Kaunas),7,2,0.043,0.045,0.912
370,She did X — what happens next will shock you — Read more,4,1,0.068,0.864,0.069
6461,"10 priežasčių, kodėl niekada nepirkti šio daikto — Find out why (Paris)",7,0,0.914,0.043,0.043
17599,Žvaigždė pasirašė daugiametę sutartį su klubu as markets react (Madrid),8,0,0.924,0.039,0.037
5536,54 Šis triukas pakeis jūsų gyvenimą amžiams,5,1,0.056,0.889,0.056
10868,42 Apple unveils a new iPhone with advanced camera and AI features,8,1,0.037,0.925,0.038
45301,23 Open-source libraries accelerate machine learning workflows,7,2,0.042,0.042,0.917
17531,5 10 reasons you should never buy this gadget,3,2,0.083,0.083,0.833
20992,31 Messi įmušė įspūdingą įvartį Lygų taurėje,6,2,0.048,0.048,0.905
5249,Transfer rumors suggest a record deal for the young striker dėl rinkos reakcijos (Paris),10,1,0.032,0.936,0.032
8223,16 Start-up raises $50 million to scale its AI platform,6,2,0.048,0.049,0.903
5080,Perėjimų gandai: jaunas puolėjas gali kainuoti rekordą analitikų teigimu,9,1,0.035,0.93,0.036
28353,35 How to speed up your computer with simple tweaks,4,2,0.067,0.067,0.867
22096,37 Atviro kodo bibliotekos pagreitina mašininio mokymosi procesus,7,2,0.042,0.042,0.917
47223,57 Start-up raises $50 million to scale its AI platform dėl rinkos reakcijos,8,2,0.039,0.041,0.92
37579,"Ji padarė X — kas nutiks toliau, pribloškia — Find out why (New York)",7,1,0.043,0.914,0.044
8266,25 Earnings beat expectations as revenue grows in cloud segment,7,2,0.042,0.042,0.917
35,Local team wins national championship in overtime,6,2,0.048,0.048,0.905
10316,Kaip pagreitinti kompiuterį paprastais triukais analitikų teigimu (Madrid),7,1,0.045,0.909,0.046
3391,Messi scores a stunning goal in the Champions League match dėl rinkos reakcijos,9,2,0.035,0.035,0.93
14159,„Apple“ pristatė naują iPhone su pažangia kamera ir DI funkcijomis after report (New York),11,1,0.03,0.941,0.028
14614,24 She did X — what happens next will shock you,3,1,0.083,0.833,0.083
14609,56 Atviro kodo bibliotekos pagreitina mašininio mokymosi procesus,7,2,0.042,0.042,0.917
8811,46 She did X — what happens next will shock you,3,1,0.083,0.833,0.083
974,Major security breach affects millions of users worldwide after report (Madrid),9,1,0.034,0.932,0.034
30397,5 Star player signs a multi-year contract with club (Kaunas),8,0,0.925,0.038,0.037
8221,77 Stock market falls amid inflation concerns dėl rinkos reakcijos,8,0,0.923,0.039,0.038
32288,30 Kaip pagreitinti kompiuterį paprastais triukais,4,1,0.067,0.867,0.067
1843,27 Earnings beat expectations as revenue grows in cloud segment (Vilnius),8,2,0.038,0.038,0.925
35694,This trick will change your life forever — Find out why (Paris),5,2,0.057,0.057,0.887
5242,45 Perėjimų gandai: jaunas puolėjas gali kainuoti rekordą,7,1,0.042,0.917,0.042
5476,99 Vietos komanda laimėjo nacionalinį čempionatą pratęsimuose,6,0,0.905,0.048,0.048
30961,97 10 reasons you should never buy this gadget,3,2,0.083,0.083,0.833
1227,You won't believe what happened next (Kaunas),4,1,0.069,0.863,0.068
1720,Star player signs a multi-year contract with club (New York),9,0,0.93,0.036,0.035
29473,5 Transfer rumors suggest a record deal for the young striker (London),8,1,0.038,0.923,0.039
472,You won't believe what happened next — Find out why,3,1,0.083,0.833,0.083
528,Šis triukas pakeis jūsų gyvenimą amžiams (New York),7,1,0.043,0.914,0.043
1355,Žvaigždė pasirašė daugiametę sutartį su klubu (Madrid),6,0,0.903,0.049,0.048
4872,74 Stock market falls amid inflation concerns,6,0,0.904,0.048,0.048
19073,30 Messi scores a stunning goal in the Champions League match,7,2,0.042,0.042,0.917
26895,11 Perėjimų gandai: jaunas puolėjas gali kainuoti rekordą as markets react,9,1,0.036,0.931,0.033
21795,78 Open-source libraries accelerate machine learning workflows analitikų teigimu (Madrid),10,2,0.032,0.032,0.937
38526,Kaip pagreitinti kompiuterį paprastais triukais dėl rinkos reakcijos (Kaunas),7,1,0.044,0.912,0.043
961,Treneris aiškino naują gynybos taktiką po rungtynių (Madrid),7,0,0.914,0.043,0.042
27966,Analysts predict record profits for the banking sector analitikų teigimu (London),9,2,0.034,0.035,0.931
10969,73 Startuolis pritraukė 50 mln. USD DI platformos plėtrai,7,0,0.916,0.042,0.042
18305,11 Major security breach affects millions of users worldwide analitikų teigimu,9,1,0.035,0.93,0.036
418,Stock market falls amid inflation concerns analitikų teigimu,8,0,0.922,0.039,0.039
31761,Star player signs a multi-year contract with club analitikų teigimu (Madrid),10,0,0.936,0.032,0.032
9992,30 Žvaigždė pasirašė daugiametę sutartį su klubu,5,0,0.889,0.056,0.056
8357,Kaip pagreitinti kompiuterį paprastais triukais in a surprise move (Vilnius),6,1,0.049,0.901,0.049
28523,5 Major security breach affects millions of users worldwide after report,8,1,0.038,0.925,0.037
3743,57 She did X — what happens next will shock you — Find out why,3,1,0.083,0.833,0.083
36478,24 You won't believe what happened next,3,1,0.083,0.833,0.083
24698,80 „Apple“ pristatė naują iPhone su pažangia kamera ir DI funkcijomis,8,1,0.039,0.924,0.037
47997,"45 Negalėsite patikėti, kas įvyko toliau (Paris)",5,2,0.057,0.06,0.883
24954,Atviro kodo bibliotekos pagreitina mašininio mokymosi procesus analitikų teigimu (Madrid),10,2,0.032,0.032,0.937
16334,47 Coach explains new defensive tactics after the game,6,2,0.048,0.049,0.903
548,91 Investors hedge inflation risk using index-linked bonds (Madrid),9,1,0.035,0.932,0.034
25619,35 Vietos komanda laimėjo nacionalinį čempionatą pratęsimuose,6,0,0.905,0.048,0.048
168,Startuolis pritraukė 50 mln. USD DI platformos plėtrai,7,0,0.916,0.042,0.042
11973,85 Star player signs a multi-year contract with club analitikų teigimu,9,0,0.931,0.034,0.035
14674,24 Atviro kodo bibliotekos pagreitina mašininio mokymosi procesus,7,2,0.042,0.042,0.917
30805,56 Open-source libraries accelerate machine learning workflows (New York),9,2,0.034,0.035,0.931
2687,93 Investors hedge inflation risk using index-linked bonds,8,1,0.038,0.925,0.037
35358,92 Messi įmušė įspūdingą įvartį Lygų taurėje (Madrid),7,2,0.043,0.043,0.914
47511,75 Investors hedge inflation risk using index-linked bonds in a surprise move,9,1,0.035,0.932,0.034
15860,22 Transfer rumors suggest a record deal for the young striker,7,1,0.042,0.916,0.042
6601,32 Žvaigždė pasirašė daugiametę sutartį su klubu,5,0,0.889,0.056,0.056
2056,64 Stock market falls amid inflation concerns,6,0,0.904,0.048,0.048
39270,2 Major security breach affects millions of users worldwide,7,1,0.042,0.917,0.042
39584,95 Perėjimų gandai: jaunas puolėjas gali kainuoti rekordą in a surprise move,8,1,0.038,0.925,0.037
39581,"81 Top 7 paslaptys, kurias įmonės nenori, kad žinotumėte — You won't believe it",6,2,0.048,0.334,0.619
29205,100 Major security breach affects millions of users worldwide,7,1,0.042,0.917,0.042
2689,81 Žvaigždė pasirašė daugiametę sutartį su klubu,5,0,0.889,0.056,0.056
3647,92 Open-source libraries accelerate machine learning workflows,7,2,0.042,0.042,0.917
20740,53 Coach explains new defensive tactics after the game dėl rinkos reakcijos,8,2,0.04,0.041,0.919
18919,You won't believe what happened next — Read more (New York),6,1,0.05,0.9,0.05
49648,"41 Top 7 paslaptys, kurias įmonės nenori, kad žinotumėte — You won't believe it",6,2,0.048,0.334,0.619
15373,"Ji padarė X — kas nutiks toliau, pribloškia — Find out why (Vilnius)",6,1,0.048,0.902,0.049
42238,94 This trick will change your life forever — Number 5 is shocking,6,2,0.048,0.05,0.902
33079,21 Didelė saugumo spraga paveikė milijonus vartotojų,6,1,0.048,0.905,0.048
9039,16 10 reasons you should never buy this gadget,3,2,0.083,0.083,0.833
5725,42 This trick will change your life forever,4,2,0.067,0.067,0.867
464,"95 Ji padarė X — kas nutiks toliau, pribloškia",5,1,0.056,0.888,0.057
6468,24 10 reasons you should never buy this gadget,3,2,0.083,0.083,0.833
1437,43 Treneris aiškino naują gynybos taktiką po rungtynių,6,0,0.904,0.048,0.048
42063,2 Top 7 secrets companies don't want you to know,5,2,0.056,0.056,0.889
914,Žvaigždė pasirašė daugiametę sutartį su klubu (New York),7,0,0.91,0.045,0.044
19556,34 This trick will change your life forever,4,2,0.067,0.067,0.867
39108,"36 Ji padarė X — kas nutiks toliau, pribloškia",5,1,0.056,0.888,0.057
48563,47 Kaip pagreitinti kompiuterį paprastais triukais as markets react,6,1,0.054,0.898,0.048
1881,21 Analysts predict record profits for the banking sector (Berlin),7,2,0.043,0.044,0.913
8752,"83 10 priežasčių, kodėl niekada nepirkti šio daikto",6,0,0.905,0.048,0.048
479,14 Startuolis pritraukė 50 mln. USD DI platformos plėtrai,7,0,0.916,0.042,0.042
35184,Transfer rumors suggest a record deal for the young striker po pranešimo (Kaunas),9,1,0.035,0.93,0.035
13758,76 10 reasons you should never buy this gadget (London),4,2,0.068,0.068,0.864
16245,"10 priežasčių, kodėl niekada nepirkti šio daikto — Number 5 is shocking (Kaunas)",9,0,0.921,0.04,0.04
880,„Apple“ pristatė naują iPhone su pažangia kamera ir DI funkcijomis (New York),10,1,0.033,0.937,0.031
1171,22 She did X — what happens next will shock you,3,1,0.083,0.833,0.083
33321,84 Open-source libraries accelerate machine learning workflows,7,2,0.042,0.042,0.917
4065,79 She did X — what happens next will shock you,3,1,0.083,0.833,0.083
45766,12 Didelė saugumo spraga paveikė milijonus vartotojų,6,1,0.048,0.905,0.048
837,Stock market falls amid inflation concerns po pranešimo (Kaunas),8,0,0.923,0.039,0.038
4028,Atviro kodo bibliotekos pagreitina mašininio mokymosi procesus dėl rinkos reakcijos (Berlin),10,2,0.032,0.032,0.935
8963,Perėjimų gandai: jaunas puolėjas gali kainuoti rekordą po pranešimo (Berlin),9,1,0.035,0.93,0.035
35402,34 This trick will change your life forever — You won't believe it (Kaunas),7,2,0.043,0.355,0.602
21578,27 You won't believe what happened next — You won't believe it,5,1,0.056,0.889,0.056
16049,61 Atviro kodo bibliotekos pagreitina mašininio mokymosi procesus — analysts say,9,2,0.033,0.034,0.933
29744,"7 Negalėsite patikėti, kas įvyko toliau",4,2,0.067,0.071,0.862
9762,47 Apple unveils a new iPhone with advanced camera and AI features,8,1,0.037,0.925,0.038
30487,66 Stock market falls amid inflation concerns,6,0,0.904,0.048,0.048
245,Vietos komanda laimėjo nacionalinį čempionatą pratęsimuose analitikų teigimu,8,0,0.922,0.038,0.039
43102,49 Major security breach affects millions of users worldwide,7,1,0.042,0.917,0.042
1177,Žvaigždė pasirašė daugiametę sutartį su klubu as markets react,7,0,0.916,0.043,0.042
48320,25 „Apple“ pristatė naują iPhone su pažangia kamera ir DI funkcijomis (Madrid),9,1,0.036,0.931,0.034
