orig_row,text
27191,"4 Top 7 paslaptys, kurias įmonės nenori, kad žinotumėte — Read more"
10559,28 Coach explains new defensive tactics after the game
5171,"Top 7 paslaptys, kurias įmonės nenori, kad žinotumėte — You won't believe it (Berlin)"
39466,88 Open-source libraries accelerate machine learning workflows analitikų teigimu
9361,31 Local team wins national championship in overtime
5120,85 Local team wins national championship in overtime
14144,Top 7 secrets companies don't want you to know — Number 5 is shocking (London)
40923,66 Atviro kodo bibliotekos pagreitina mašininio mokymosi procesus
37918,79 Didelė saugumo spraga paveikė milijonus vartotojų dėl rinkos reakcijos
31393,10 Kaip pagreitinti kompiuterį paprastais triukais
19326,54 Major security breach affects millions of users worldwide po pranešimo (Paris)
11035,93 Star player signs a multi-year contract with club
16586,91 Messi įmušė įspūdingą įvartį Lygų taurėje
45514,41 She did X — what happens next will shock you (Paris)
26926,62 Coach explains new defensive tactics after the game
1637,Apple unveils a new iPhone with advanced camera and AI features (Berlin)
10067,"24 Ji padarė X — kas nutiks toliau, pribloškia"
11445,16 Treneris aiškino naują gynybos taktiką po rungtynių
1708,Didelė saugumo spraga paveikė milijonus vartotojų — analysts say (Vilnius)
46157,You won't believe what happened next — You won't believe it (London)
42654,42 Start-up raises $50 million to scale its AI platform
42156,74 This trick will change your life forever
8,She did X — what happens next will shock you — Find out why
24541,Vietos komanda laimėjo nacionalinį čempionatą pratęsimuose in a surprise move (Madrid)
20061,65 Atviro kodo bibliotekos pagreitina mašininio mokymosi procesus
43961,"14 Top 7 paslaptys, kurias įmonės nenori, kad žinotumėte — Read more"
30739,9 Messi įmušė įspūdingą įvartį Lygų taurėje
2406,74 Žvaigždė pasirašė daugiametę sutartį su klubu
5891,Treneris aiškino naują gynybos taktiką po rungtynių dėl rinkos reakcijos (London)
48053,"45 Central bank cuts rates, markets rally on dovish guidance in a surprise move"
1738,Šis triukas pakeis jūsų gyvenimą amžiams — Number 5 is shocking (New York)
8901,29 Messi įmušė įspūdingą įvartį Lygų taurėje
3328,23 Analysts predict record profits for the banking sector dėl rinkos reakcijos (London)
47687,10 Žvaigždė pasirašė daugiametę sutartį su klubu amid concerns (New York)
34099,7 Startuolis pritraukė 50 mln. USD DI platformos plėtrai po pranešimo (Paris)
2020,Local team wins national championship in overtime after report
48609,19 Startuolis pritraukė 50 mln. USD DI platformos plėtrai (New York)
14059,7 Messi scores a stunning goal in the Champions League match
9177,31 Kaip pagreitinti kompiuterį paprastais triukais
20269,Apple unveils a new iPhone with advanced camera and AI features — analysts say (Kaunas)
2156,33 This trick will change your life forever
5642,38 Top 7 secrets companies don't want you to know (London)
37336,62 10 reasons you should never buy this gadget (Berlin)
14288,29 You won't believe what happened next
26,Atviro kodo bibliotekos pagreitina mašininio mokymosi procesus dėl rinkos reakcijos
17125,31 Treneris aiškino naują gynybos taktiką po rungtynių amid concerns (London)
7349,49 Top 7 secrets companies don't want you to know
14273,Coach explains new defensive tactics after the game po pranešimo (Kaunas)
906,92 Local team wins national championship in overtime
15081,23 „Apple“ pristatė naują iPhone su pažangia kamera ir DI funkcijomis (Kaunas)
47419,38 Žvaigždė pasirašė daugiametę sutartį su klubu
9941,29 Coach explains new defensive tactics after the game
2846,28 Transfer rumors suggest a record deal for the young striker
45728,58 Apple unveils a new iPhone with advanced camera and AI features
5102,55 You won't believe what happened next
2767,"59 Ji padarė X — kas nutiks toliau, pribloškia"
30560,96 Didelė saugumo spraga paveikė milijonus vartotojų after report
28092,87 10 reasons you should never buy this gadget
1871,Start-up raises $50 million to scale its AI platform (New York)
32044,92 Treneris aiškino naują gynybos taktiką po rungtynių (Paris)
1247,Vietos komanda laimėjo nacionalinį čempionatą pratęsimuose (Vilnius)
4817,Apple unveils a new iPhone with advanced camera and AI features (London)
44417,Coach explains new defensive tactics after the game — analysts say (Vilnius)
6126,"58 Ji padarė X — kas nutiks toliau, pribloškia"
1895,23 10 reasons you should never buy this gadget
33467,Major security breach affects millions of users worldwide after report (New York)
3971,Stock market falls amid inflation concerns dėl rinkos reakcijos
13452,36 Atviro kodo bibliotekos pagreitina mašininio mokymosi procesus
26406,6 „Apple“ pristatė naują iPhone su pažangia kamera ir DI funkcijomis
27456,72 Apple unveils a new iPhone with advanced camera and AI features
5432,98 Open-source libraries accelerate machine learning workflows (Berlin)
216,Vietos komanda laimėjo nacionalinį čempionatą pratęsimuose (London)
14002,9 Kaip pagreitinti kompiuterį paprastais triukais
14976,76 Transfer rumors suggest a record deal for the young striker po pranešimo
11164,Coach explains new defensive tactics after the game dėl rinkos reakcijos (New York)
1660,93 Start-up raises $50 million to scale its AI platform (Madrid)
12974,31 Treneris aiškino naują gynybos taktiką po rungtynių (Kaunas)
22458,Atviro kodo bibliotekos pagreitina mašininio mokymosi procesus — analysts say (Vilnius)
29614,75 Vietos komanda laimėjo nacionalinį čempionatą pratęsimuose
41,Messi scores a stunning goal in the Champions League match analitikų teigimu
20258,36 Analysts predict record profits for the banking sector
45019,26 10 reasons you should never buy this gadget
461,10 reasons you should never buy this gadget — Find out why
25744,16 You won't believe what happened next
517,Coach explains new defensive tactics after the game amid concerns
4352,70 Stock market falls amid inflation concerns
38658,91 Top 7 secrets companies don't want you to know — You won't believe it
586,Žvaigždė pasirašė daugiametę sutartį su klubu (Kaunas)
2344,„Apple“ pristatė naują iPhone su pažangia kamera ir DI funkcijomis dėl rinkos reakcijos
1117,17 Earnings beat expectations as revenue grows in cloud segment
334,Atviro kodo bibliotekos pagreitina mašininio mokymosi procesus (New York)
34699,22 Earnings beat expectations as revenue grows in cloud segment analitikų teigimu
35007,"67 Top 7 paslaptys, kurias įmonės nenori, kad žinotumėte — Find out why"
48763,85 Coach explains new defensive tactics after the game
45270,45 She did X — what happens next will shock you — Read more
15448,8 This trick will change your life forever (London)
30467,61 Šis triukas pakeis jūsų gyvenimą amžiams — Read more
25227,19 She did X — what happens next will shock you
24946,23 Coach explains new defensive tactics after the game (Paris)
39533,63 Messi įmušė įspūdingą įvartį Lygų taurėje
38046,96 Atviro kodo bibliotekos pagreitina mašininio mokymosi procesus
19715,67 How to speed up your computer with simple tweaks analitikų teigimu
20697,7 Treneris aiškino naują gynybos taktiką po rungtynių
47109,66 Vietos komanda laimėjo nacionalinį čempionatą pratęsimuose as markets react
28991,95 Major security breach affects millions of users worldwide (Madrid)
5038,97 10 reasons you should never buy this gadget (Berlin)
32136,2 Coach explains new defensive tactics after the game analitikų teigimu
6489,"36 Central bank cuts rates, markets rally on dovish guidance"
45779,93 Top 7 secrets companies don't want you to know
28434,15 How to speed up your computer with simple tweaks (Berlin)
28377,11 Investors hedge inflation risk using index-linked bonds analitikų teigimu
2351,Earnings beat expectations as revenue grows in cloud segment (London)
46954,Star player signs a multi-year contract with club as markets react (New York)
23244,"52 Central bank cuts rates, markets rally on dovish guidance (New York)"
148,Žvaigždė pasirašė daugiametę sutartį su klubu
1996,Vietos komanda laimėjo nacionalinį čempionatą pratęsimuose amid concerns
6712,"2 10 priežasčių, kodėl niekada nepirkti šio daikto"
928,"Central bank cuts rates, markets rally on dovish guidance (Berlin)"
2548,71 Messi scores a stunning goal in the Champions League match
1123,Analysts predict record profits for the banking sector analitikų teigimu
4286,Local team wins national championship in overtime in a surprise move
9733,97 Startuolis pritraukė 50 mln. USD DI platformos plėtrai (London)
28453,36 She did X — what happens next will shock you
29781,6 You won't believe what happened next — Number 5 is shocking (New York)
30511,10 Treneris aiškino naują gynybos taktiką po rungtynių
10905,3 10 reasons you should never buy this gadget
1925,Coach explains new defensive tactics after the game (Paris)
19410,67 Vietos komanda laimėjo nacionalinį čempionatą pratęsimuose as markets react (Paris)
990,20 Messi įmušė įspūdingą įvartį Lygų taurėje
39213,27 Messi įmušė įspūdingą įvartį Lygų taurėje in a surprise move
43013,44 Open-source libraries accelerate machine learning workflows
2213,"53 Central bank cuts rates, markets rally on dovish guidance"
44837,97 Transfer rumors suggest a record deal for the young striker as markets react (London)
20447,31 Perėjimų gandai: jaunas puolėjas gali kainuoti rekordą dėl rinkos reakcijos
2922,How to speed up your computer with simple tweaks dėl rinkos reakcijos
28625,19 How to speed up your computer with simple tweaks
108,Investors hedge inflation risk using index-linked bonds
38599,49 Star player signs a multi-year contract with club (Berlin)
6862,31 Coach explains new defensive tactics after the game amid concerns
25727,31 Vietos komanda laimėjo nacionalinį čempionatą pratęsimuose
40332,80 Local team wins national championship in overtime
20350,70 How to speed up your computer with simple tweaks
44285,8 This trick will change your life forever
14377,90 Open-source libraries accelerate machine learning workflows
22698,66 You won't believe what happened next
35832,47 Top 7 secrets companies don't want you to know
10604,Stock market falls amid inflation concerns after report
25642,90 „Apple“ pristatė naują iPhone su pažangia kamera ir DI funkcijomis dėl rinkos reakcijos (New York)
16187,56 Apple unveils a new iPhone with advanced camera and AI features
28594,100 Start-up raises $50 million to scale its AI platform
12280,94 Vietos komanda laimėjo nacionalinį čempionatą pratęsimuose
1413,"Ji padarė X — kas nutiks toliau, pribloškia (Vilnius)"
6120,"10 priežasčių, kodėl niekada nepirkti šio daikto — Number 5 is shocking (Vilnius)"
14119,89 Messi įmušė įspūdingą įvartį Lygų taurėje
26380,69 Investors hedge inflation risk using index-linked bonds — analysts say
28546,40 Šis triukas pakeis jūsų gyvenimą amžiams
8997,21 Atviro kodo bibliotekos pagreitina mašininio mokymosi procesus
14017,73 Vietos komanda laimėjo nacionalinį čempionatą pratęsimuose
2677,Perėjimų gandai: jaunas puolėjas gali kainuoti rekordą (Madrid)
48469,64 Transfer rumors suggest a record deal for the young striker
357,46 This trick will change your life forever
3464,43 Star player signs a multi-year contract with club
18998,89 Major security breach affects millions of users worldwide
49060,58 She did X — what happens next will shock you
23145,Atviro kodo bibliotekos pagreitina mašininio mokymosi procesus — analysts say (Madrid)
2045,"Negalėsite patikėti, kas įvyko toliau — Find out why (New York)"
9508,Start-up raises $50 million to scale its AI platform dėl rinkos reakcijos (London)
49366,14 Treneris aiškino naują gynybos taktiką po rungtynių (London)
21728,55 Local team wins national championship in overtime
49148,46 Local team wins national championship in overtime
24439,32 Stock market falls amid inflation concerns dėl rinkos reakcijos
698,"Ji padarė X — kas nutiks toliau, pribloškia (Kaunas)"
20361,Open-source libraries accelerate machine learning workflows — analysts say (Berlin)
24213,69 10 reasons you should never buy this gadget
11001,88 Messi scores a stunning goal in the Champions League match po pranešimo
49973,72 She did X — what happens next will shock you
1384,Open-source libraries accelerate machine learning workflows after report
1614,"Top 7 paslaptys, kurias įmonės nenori, kad žinotumėte — You won't believe it (Kaunas)"
20900,You won't believe what happened next — Read more (Kaunas)
3218,Major security breach affects millions of users worldwide after report (Berlin)
11120,76 She did X — what happens next will shock you
598,Žvaigždė pasirašė daugiametę sutartį su klubu dėl rinkos reakcijos (Berlin)
21636,74 10 reasons you should never buy this gadget — Read more
299,9 Startuolis pritraukė 50 mln. USD DI platformos plėtrai
28721,10 reasons you should never buy this gadget — Number 5 is shocking (Paris)
2690,Treneris aiškino naują gynybos taktiką po rungtynių after report (Vilnius)
5820,Kaip pagreitinti kompiuterį paprastais triukais (Berlin)
38151,88 How to speed up your computer with simple tweaks (Berlin)
18039,Star player signs a multi-year contract with club po pranešimo (New York)
43735,"Ji padarė X — kas nutiks toliau, pribloškia — Read more (Paris)"
8096,86 She did X — what happens next will shock you (Paris)
37220,88 Open-source libraries accelerate machine learning workflows after report
2915,59 Local team wins national championship in overtime (New York)
9548,65 Major security breach affects millions of users worldwide
25414,18 Stock market falls amid inflation concerns
587,Coach explains new defensive tactics after the game (Vilnius)
39990,100 You won't believe what happened next (Kaunas)
33300,52 Star player signs a multi-year contract with club dėl rinkos reakcijos
21459,60 Kaip pagreitinti kompiuterį paprastais triukais
30330,"72 Ji padarė X — kas nutiks toliau, pribloškia"
7146,58 Earnings beat expectations as revenue grows in cloud segment
18029,79 Vietos komanda laimėjo nacionalinį čempionatą pratęsimuose
16258,34 Didelė saugumo spraga paveikė milijonus vartotojų
45421,Perėjimų gandai: jaunas puolėjas gali kainuoti rekordą in a surprise move (Kaunas)
42554,Treneris aiškino naują gynybos taktiką po rungtynių po pranešimo (Madrid)
3520,45 Earnings beat expectations as revenue grows in cloud segment (London)
30474,91 Apple unveils a new iPhone with advanced camera and AI features amid concerns
13685,10 reasons you should never buy this gadget — You won't believe it (London)
4401,81 Startuolis pritraukė 50 mln. USD DI platformos plėtrai
20337,90 Coach explains new defensive tactics after the game
12237,Star player signs a multi-year contract with club po pranešimo (Kaunas)
8791,72 Treneris aiškino naują gynybos taktiką po rungtynių
5043,Didelė saugumo spraga paveikė milijonus vartotojų (Kaunas)
24474,61 This trick will change your life forever
16070,"85 10 priežasčių, kodėl niekada nepirkti šio daikto — Find out why"
16499,30 Star player signs a multi-year contract with club
9488,32 Star player signs a multi-year contract with club
2698,53 Stock market falls amid inflation concerns dėl rinkos reakcijos
4267,Star player signs a multi-year contract with club po pranešimo (Berlin)
40631,66 Earnings beat expectations as revenue grows in cloud segment
6237,34 Apple unveils a new iPhone with advanced camera and AI features
2322,75 „Apple“ pristatė naują iPhone su pažangia kamera ir DI funkcijomis (New York)
9387,54 Žvaigždė pasirašė daugiametę sutartį su klubu
34927,Messi scores a stunning goal in the Champions League match — analysts say (Paris)
1369,16 Transfer rumors suggest a record deal for the young striker (Berlin)
17002,49 Treneris aiškino naują gynybos taktiką po rungtynių
29527,85 Investors hedge inflation risk using index-linked bonds (Madrid)
390,Apple unveils a new iPhone with advanced camera and AI features dėl rinkos reakcijos (Madrid)
18478,24 Open-source libraries accelerate machine learning workflows
40213,28 Open-source libraries accelerate machine learning workflows
18785,31 Startuolis pritraukė 50 mln. USD DI platformos plėtrai
12739,62 10 reasons you should never buy this gadget
11133,"63 10 priežasčių, kodėl niekada nepirkti šio daikto"
35679,This trick will change your life forever — You won't believe it (Paris)
47735,20 Start-up raises $50 million to scale its AI platform dėl rinkos reakcijos
12,"10 priežasčių, kodėl niekada nepirkti šio daikto"
12982,88 Start-up raises $50 million to scale its AI platform
12737,67 Apple unveils a new iPhone with advanced camera and AI features
18821,"Ji padarė X — kas nutiks toliau, pribloškia — You won't believe it (New York)"
13850,15 Apple unveils a new iPhone with advanced camera and AI features analitikų teigimu
28066,67 Coach explains new defensive tactics after the game
39406,Apple unveils a new iPhone with advanced camera and AI features amid concerns (Kaunas)
23362,2 10 reasons you should never buy this gadget
2998,Didelė saugumo spraga paveikė milijonus vartotojų (London)
915,Apple unveils a new iPhone with advanced camera and AI features po pranešimo (Vilnius)
929,Messi įmušė įspūdingą įvartį Lygų taurėje analitikų teigimu
193,35 Messi scores a stunning goal in the Champions League match po pranešimo
34397,53 Top 7 secrets companies don't want you to know (Kaunas)
36870,36 Start-up raises $50 million to scale its AI platform
11738,64 This trick will change your life forever — Number 5 is shocking
32695,65 Local team wins national championship in overtime
23396,"81 Negalėsite patikėti, kas įvyko toliau"
30,Kaip pagreitinti kompiuterį paprastais triukais
16351,"32 Central bank cuts rates, markets rally on dovish guidance dėl rinkos reakcijos"
8236,62 Top 7 secrets companies don't want you to know — Number 5 is shocking
34184,90 Kaip pagreitinti kompiuterį paprastais triukais
18847,4 10 reasons you should never buy this gadget
8802,36 Analysts predict record profits for the banking sector — analysts say
13887,62 Kaip pagreitinti kompiuterį paprastais triukais (London)
9313,6 Open-source libraries accelerate machine learning workflows
11906,79 This trick will change your life forever
730,Star player signs a multi-year contract with club after report
18741,18 Start-up raises $50 million to scale its AI platform
2170,Analysts predict record profits for the banking sector amid concerns
39947,Messi įmušė įspūdingą įvartį Lygų taurėje in a surprise move (Vilnius)
17231,13 Investors hedge inflation risk using index-linked bonds
38091,"89 Negalėsite patikėti, kas įvyko toliau (Madrid)"
18389,Startuolis pritraukė 50 mln. USD DI platformos plėtrai in a surprise move (Kaunas)
35177,46 Earnings beat expectations as revenue grows in cloud segment in a surprise move
5740,46 Perėjimų gandai: jaunas puolėjas gali kainuoti rekordą
33748,12 Local team wins national championship in overtime
9103,60 Kaip pagreitinti kompiuterį paprastais triukais (New York)
38070,95 Major security breach affects millions of users worldwide in a surprise move
117,Messi scores a stunning goal in the Champions League match
5989,81 Messi įmušė įspūdingą įvartį Lygų taurėje
2120,92 Start-up raises $50 million to scale its AI platform
34628,16 Perėjimų gandai: jaunas puolėjas gali kainuoti rekordą
21228,"33 Negalėsite patikėti, kas įvyko toliau — You won't believe it"
27633,Major security breach affects millions of users worldwide po pranešimo (Kaunas)
5046,95 Didelė saugumo spraga paveikė milijonus vartotojų
35005,83 This trick will change your life forever (Madrid)
4270,„Apple“ pristatė naują iPhone su pažangia kamera ir DI funkcijomis as markets react
32588,63 How to speed up your computer with simple tweaks
32415,10 reasons you should never buy this gadget — You won't believe it (Madrid)
13650,"49 10 priežasčių, kodėl niekada nepirkti šio daikto (New York)"
33295,57 You won't believe what happened next (Kaunas)
243,Open-source libraries accelerate machine learning workflows (Paris)
22868,71 She did X — what happens next will shock you
25255,"77 Central bank cuts rates, markets rally on dovish guidance"
9506,Major security breach affects millions of users worldwide — analysts say (Vilnius)
43780,30 She did X — what happens next will shock you
15462,27 This trick will change your life forever (New York)
2563,6 You won't believe what happened next
37621,"14 10 priežasčių, kodėl niekada nepirkti šio daikto"
2675,„Apple“ pristatė naują iPhone su pažangia kamera ir DI funkcijomis amid concerns
7478,88 Earnings beat expectations as revenue grows in cloud segment
19095,38 Transfer rumors suggest a record deal for the young striker as markets react
33215,"80 Top 7 paslaptys, kurias įmonės nenori, kad žinotumėte — You won't believe it"
1695,Coach explains new defensive tactics after the game in a surprise move
15501,7 Žvaigždė pasirašė daugiametę sutartį su klubu after report
454,Top 7 secrets companies don't want you to know (Paris)
21468,40 Local team wins national championship in overtime po pranešimo
34368,29 Local team wins national championship in overtime
39148,9 Messi scores a stunning goal in the Champions League match
36456,32 Didelė saugumo spraga paveikė milijonus vartotojų
38397,59 Messi scores a stunning goal in the Champions League match
5197,71 Coach explains new defensive tactics after the game
3140,Kaip pagreitinti kompiuterį paprastais triukais (Kaunas)
12390,Analysts predict record profits for the banking sector po pranešimo
203,57 Start-up raises $50 million to scale its AI platform (Paris)
10367,"60 10 priežasčių, kodėl niekada nepirkti šio daikto — Read more (Madrid)"
2639,Messi įmušė įspūdingą įvartį Lygų taurėje (Vilnius)
34110,Coach explains new defensive tactics after the game as markets react (Berlin)
17668,59 „Apple“ pristatė naują iPhone su pažangia kamera ir DI funkcijomis
6857,62 Perėjimų gandai: jaunas puolėjas gali kainuoti rekordą
42056,97 Earnings beat expectations as revenue grows in cloud segment dėl rinkos reakcijos
30081,38 How to speed up your computer with simple tweaks amid concerns (Kaunas)
23620,90 This trick will change your life forever — Number 5 is shocking
41794,Major security breach affects millions of users worldwide as markets react (New York)
9464,"Central bank cuts rates, markets rally on dovish guidance (New York)"
27166,69 Žvaigždė pasirašė daugiametę sutartį su klubu
38906,99 Coach explains new defensive tactics after the game
14985,Star player signs a multi-year contract with club amid concerns
8160,Open-source libraries accelerate machine learning workflows — analysts say
11263,73 10 reasons you should never buy this gadget
35030,84 Treneris aiškino naują gynybos taktiką po rungtynių (Berlin)
33527,98 Didelė saugumo spraga paveikė milijonus vartotojų
1607,47 Šis triukas pakeis jūsų gyvenimą amžiams
11931,3 This trick will change your life forever
17243,Kaip pagreitinti kompiuterį paprastais triukais dėl rinkos reakcijos (Berlin)
1624,„Apple“ pristatė naują iPhone su pažangia kamera ir DI funkcijomis in a surprise move (Berlin)
11518,58 Local team wins national championship in overtime dėl rinkos reakcijos
34595,12 Earnings beat expectations as revenue grows in cloud segment
66,Messi įmušė įspūdingą įvartį Lygų taurėje
3734,How to speed up your computer with simple tweaks (Madrid)
13363,19 Apple unveils a new iPhone with advanced camera and AI features as markets react
7082,40 Messi scores a stunning goal in the Champions League match (Paris)
4576,78 Didelė saugumo spraga paveikė milijonus vartotojų
31465,"83 Negalėsite patikėti, kas įvyko toliau"
26686,70 Top 7 secrets companies don't want you to know
21479,„Apple“ pristatė naują iPhone su pažangia kamera ir DI funkcijomis analitikų teigimu (Vilnius)
30808,39 Analysts predict record profits for the banking sector
9368,"Top 7 paslaptys, kurias įmonės nenori, kad žinotumėte — Read more (London)"
1298,20 Investors hedge inflation risk using index-linked bonds
40925,75 You won't believe what happened next — You won't believe it
1429,50 Šis triukas pakeis jūsų gyvenimą amžiams
39164,65 10 reasons you should never buy this gadget
15450,Coach explains new defensive tactics after the game analitikų teigimu (New York)
39062,36 This trick will change your life forever
31764,82 Earnings beat expectations as revenue grows in cloud segment
1694,Startuolis pritraukė 50 mln. USD DI platformos plėtrai in a surprise move
17888,"Ji padarė X — kas nutiks toliau, pribloškia — Find out why (London)"
8692,39 Top 7 secrets companies don't want you to know
18427,"93 Central bank cuts rates, markets rally on dovish guidance"
15557,27 Analysts predict record profits for the banking sector analitikų teigimu
9540,This trick will change your life forever — Number 5 is shocking (New York)
236,Investors hedge inflation risk using index-linked bonds analitikų teigimu
21805,Earnings beat expectations as revenue grows in cloud segment po pranešimo (Vilnius)
48144,87 Atviro kodo bibliotekos pagreitina mašininio mokymosi procesus (London)
15907,41 You won't believe what happened next
41147,55 Analysts predict record profits for the banking sector
7509,52 Apple unveils a new iPhone with advanced camera and AI features
8215,51 Transfer rumors suggest a record deal for the young striker
28292,19 Messi scores a stunning goal in the Champions League match
3541,Startuolis pritraukė 50 mln. USD DI platformos plėtrai in a surprise move (New York)
2462,Vietos komanda laimėjo nacionalinį čempionatą pratęsimuose dėl rinkos reakcijos
44877,This trick will change your life forever — Find out why (New York)
48970,"92 10 priežasčių, kodėl niekada nepirkti šio daikto"
11651,49 You won't believe what happened next (Kaunas)
1015,Treneris aiškino naują gynybos taktiką po rungtynių dėl rinkos reakcijos (New York)
1204,19 Major security breach affects millions of users worldwide
1725,Didelė saugumo spraga paveikė milijonus vartotojų analitikų teigimu
36541,52 Earnings beat expectations as revenue grows in cloud segment (Vilnius)
4908,8 Earnings beat expectations as revenue grows in cloud segment
33310,4 She did X — what happens next will shock you — Read more
43965,68 Messi scores a stunning goal in the Champions League match (Vilnius)
18911,28 Top 7 secrets companies don't want you to know
5579,30 Didelė saugumo spraga paveikė milijonus vartotojų
2995,59 This trick will change your life forever
13312,36 Žvaigždė pasirašė daugiametę sutartį su klubu
12155,37 You won't believe what happened next
9705,70 You won't believe what happened next (Vilnius)
46927,76 She did X — what happens next will shock you (Paris)
26006,76 You won't believe what happened next
566,Start-up raises $50 million to scale its AI platform (London)
30179,2 Open-source libraries accelerate machine learning workflows
916,Investors hedge inflation risk using index-linked bonds amid concerns
43255,63 Vietos komanda laimėjo nacionalinį čempionatą pratęsimuose
6217,72 Earnings beat expectations as revenue grows in cloud segment
1752,Open-source libraries accelerate machine learning workflows amid concerns
8154,59 Stock market falls amid inflation concerns po pranešimo (Berlin)
49770,49 You won't believe what happened next (New York)
29396,"100 Central bank cuts rates, markets rally on dovish guidance"
306,Stock market falls amid inflation concerns (London)
41139,34 Investors hedge inflation risk using index-linked bonds
38126,57 You won't believe what happened next (Paris)
12643,86 Šis triukas pakeis jūsų gyvenimą amžiams — Find out why (London)
8323,76 Atviro kodo bibliotekos pagreitina mašininio mokymosi procesus
45030,68 Žvaigždė pasirašė daugiametę sutartį su klubu po pranešimo
11379,"27 10 priežasčių, kodėl niekada nepirkti šio daikto"
23751,46 „Apple“ pristatė naują iPhone su pažangia kamera ir DI funkcijomis
33,This trick will change your life forever
5144,Local team wins national championship in overtime analitikų teigimu
31237,50 Top 7 secrets companies don't want you to know
49727,Coach explains new defensive tactics after the game amid concerns (London)
37925,93 Local team wins national championship in overtime
3211,23 Coach explains new defensive tactics after the game
26065,74 Didelė saugumo spraga paveikė milijonus vartotojų
26496,2 Coach explains new defensive tactics after the game
4999,26 Local team wins national championship in overtime analitikų teigimu
22404,"82 Top 7 paslaptys, kurias įmonės nenori, kad žinotumėte — Number 5 is shocking"
46409,94 Open-source libraries accelerate machine learning workflows
29329,13 Local team wins national championship in overtime
3547,78 Star player signs a multi-year contract with club in a surprise move
20589,"31 Top 7 paslaptys, kurias įmonės nenori, kad žinotumėte"
48348,74 This trick will change your life forever — Number 5 is shocking
14065,This trick will change your life forever — Find out why (London)
17815,82 Analysts predict record profits for the banking sector
44621,52 This trick will change your life forever (Paris)
2209,Coach explains new defensive tactics after the game dėl rinkos reakcijos (London)
12903,63 Investors hedge inflation risk using index-linked bonds
4144,Messi scores a stunning goal in the Champions League match analitikų teigimu (Madrid)
21587,58 You won't believe what happened next (Berlin)
42884,Treneris aiškino naują gynybos taktiką po rungtynių — analysts say (Kaunas)
49014,94 Earnings beat expectations as revenue grows in cloud segment
14298,Messi įmušė įspūdingą įvartį Lygų taurėje po pranešimo (New York)
41312,9 Žvaigždė pasirašė daugiametę sutartį su klubu (Paris)
26377,14 Start-up raises $50 million to scale its AI platform (Paris)
3070,Šis triukas pakeis jūsų gyvenimą amžiams — You won't believe it (New York)
30040,66 Treneris aiškino naują gynybos taktiką po rungtynių dėl rinkos reakcijos
2227,Didelė saugumo spraga paveikė milijonus vartotojų as markets react
718,Treneris aiškino naują gynybos taktiką po rungtynių — analysts say
36168,79 Apple unveils a new iPhone with advanced camera and AI features analitikų teigimu
5232,33 Coach explains new defensive tactics after the game
8380,95 Vietos komanda laimėjo nacionalinį čempionatą pratęsimuose
9679,2 Perėjimų gandai: jaunas puolėjas gali kainuoti rekordą
103,She did X — what happens next will shock you (Berlin)
653,Vietos komanda laimėjo nacionalinį čempionatą pratęsimuose (Paris)
45835,56 This trick will change your life forever (London)
7336,81 Major security breach affects millions of users worldwide
10589,Vietos komanda laimėjo nacionalinį čempionatą pratęsimuose in a surprise move (Vilnius)
11328,25 Messi įmušė įspūdingą įvartį Lygų taurėje (London)
20224,Messi scores a stunning goal in the Champions League match amid concerns (London)
19620,87 She did X — what happens next will shock you
9211,45 Open-source libraries accelerate machine learning workflows
5278,Apple unveils a new iPhone with advanced camera and AI features in a surprise move
3960,67 Stock market falls amid inflation concerns
38195,Start-up raises $50 million to scale its AI platform as markets react (Berlin)
119,63 This trick will change your life forever
49953,Stock market falls amid inflation concerns analitikų teigimu (New York)
6838,Atviro kodo bibliotekos pagreitina mašininio mokymosi procesus (Paris)
24068,76 10 reasons you should never buy this gadget
33328,"Central bank cuts rates, markets rally on dovish guidance in a surprise move (Vilnius)"
13032,44 Earnings beat expectations as revenue grows in cloud segment
37136,Atviro kodo bibliotekos pagreitina mašininio mokymosi procesus analitikų teigimu (New York)
40792,28 Stock market falls amid inflation concerns
43128,82 Atviro kodo bibliotekos pagreitina mašininio mokymosi procesus (Kaunas)
9887,38 Analysts predict record profits for the banking sector
34571,"74 10 priežasčių, kodėl niekada nepirkti šio daikto"
73,Didelė saugumo spraga paveikė milijonus vartotojų
8850,6 Investors hedge inflation risk using index-linked bonds (Vilnius)
6918,"74 Central bank cuts rates, markets rally on dovish guidance"
36629,"46 Central bank cuts rates, markets rally on dovish guidance"
5375,Major security breach affects millions of users worldwide (New York)
19553,39 Treneris aiškino naują gynybos taktiką po rungtynių (Kaunas)
30927,30 Apple unveils a new iPhone with advanced camera and AI features in a surprise move
45581,7 Star player signs a multi-year contract with club (Paris)
42733,"34 Central bank cuts rates, markets rally on dovish guidance"
35641,34 Kaip pagreitinti kompiuterį paprastais triukais (Paris)
38003,16 Apple unveils a new iPhone with advanced camera and AI features (London)
13471,96 Top 7 secrets companies don't want you to know
6302,"92 Negalėsite patikėti, kas įvyko toliau — Find out why"
39241,Kaip pagreitinti kompiuterį paprastais triukais as markets react (Vilnius)
12350,67 Žvaigždė pasirašė daugiametę sutartį su klubu after report
31312,13 Coach explains new defensive tactics after the game
6069,45 Didelė saugumo spraga paveikė milijonus vartotojų
3839,80 How to speed up your computer with simple tweaks
5510,17 Investors hedge inflation risk using index-linked bonds analitikų teigimu
24039,99 Transfer rumors suggest a record deal for the young striker
3739,57 Startuolis pritraukė 50 mln. USD DI platformos plėtrai
27595,81 10 reasons you should never buy this gadget
2160,28 This trick will change your life forever (Kaunas)
26287,"48 Negalėsite patikėti, kas įvyko toliau"
365,28 Local team wins national championship in overtime
11964,27 Vietos komanda laimėjo nacionalinį čempionatą pratęsimuose (Vilnius)
23210,"57 Top 7 paslaptys, kurias įmonės nenori, kad žinotumėte — Find out why (Paris)"
20448,89 Stock market falls amid inflation concerns
34547,44 „Apple“ pristatė naują iPhone su pažangia kamera ir DI funkcijomis (Berlin)
10935,This trick will change your life forever — Find out why (Madrid)
6078,"Negalėsite patikėti, kas įvyko toliau — Find out why (Paris)"
13329,43 Treneris aiškino naują gynybos taktiką po rungtynių (London)
9104,56 Perėjimų gandai: jaunas puolėjas gali kainuoti rekordą dėl rinkos reakcijos
32745,67 „Apple“ pristatė naują iPhone su pažangia kamera ir DI funkcijomis
18868,88 Open-source libraries accelerate machine learning workflows (Paris)
26766,79 You won't believe what happened next (London)
29366,"55 Ji padarė X — kas nutiks toliau, pribloškia — You won't believe it (Paris)"
38922,14 10 reasons you should never buy this gadget
621,Žvaigždė pasirašė daugiametę sutartį su klubu po pranešimo
21843,53 „Apple“ pristatė naują iPhone su pažangia kamera ir DI funkcijomis (Paris)
20977,82 Top 7 secrets companies don't want you to know
32578,Stock market falls amid inflation concerns as markets react (Berlin)
43459,79 Vietos komanda laimėjo nacionalinį čempionatą pratęsimuose (Vilnius)
13137,59 Atviro kodo bibliotekos pagreitina mašininio mokymosi procesus amid concerns
23700,80 Messi įmušė įspūdingą įvartį Lygų taurėje (Paris)
9409,"29 10 priežasčių, kodėl niekada nepirkti šio daikto — Read more"
4959,37 Stock market falls amid inflation concerns amid concerns (Berlin)
18330,"89 Negalėsite patikėti, kas įvyko toliau — Find out why"
1849,18 Atviro kodo bibliotekos pagreitina mašininio mokymosi procesus
1373,"Central bank cuts rates, markets rally on dovish guidance (Madrid)"
8193,75 Start-up raises $50 million to scale its AI platform
48215,64 10 reasons you should never buy this gadget (Vilnius)
8941,"12 Central bank cuts rates, markets rally on dovish guidance"
10970,82 Messi įmušė įspūdingą įvartį Lygų taurėje
33095,43 Open-source libraries accelerate machine learning workflows
19,Start-up raises $50 million to scale its AI platform (Madrid)
20772,Earnings beat expectations as revenue grows in cloud segment amid concerns (Kaunas)
3169,57 Investors hedge inflation risk using index-linked bonds
13576,54 Investors hedge inflation risk using index-linked bonds
13955,66 Open-source libraries accelerate machine learning workflows
7798,Perėjimų gandai: jaunas puolėjas gali kainuoti rekordą as markets react (Madrid)
8443,69 Perėjimų gandai: jaunas puolėjas gali kainuoti rekordą
1198,Local team wins national championship in overtime po pranešimo
643,Kaip pagreitinti kompiuterį paprastais triukais (Madrid)
29330,84 How to speed up your computer with simple tweaks
6366,Šis triukas pakeis jūsų gyvenimą amžiams (Madrid)
7098,70 She did X — what happens next will shock you
4596,88 Coach explains new defensive tactics after the game
3740,Šis triukas pakeis jūsų gyvenimą amžiams — Find out why (New York)
24754,"20 Central bank cuts rates, markets rally on dovish guidance"
44100,63 Transfer rumors suggest a record deal for the young striker po pranešimo
41797,Kaip pagreitinti kompiuterį paprastais triukais amid concerns (Kaunas)
24037,31 Šis triukas pakeis jūsų gyvenimą amžiams (London)
2938,"Top 7 paslaptys, kurias įmonės nenori, kad žinotumėte (New York)"
19902,"19 10 priežasčių, kodėl niekada nepirkti šio daikto — You won't believe it"
26966,47 How to speed up your computer with simple tweaks
39129,"Central bank cuts rates, markets rally on dovish guidance amid concerns (Madrid)"
27034,69 Top 7 secrets companies don't want you to know
32645,12 This trick will change your life forever
27903,17 Start-up raises $50 million to scale its AI platform
25734,Startuolis pritraukė 50 mln. USD DI platformos plėtrai analitikų teigimu (Paris)
18078,Major security breach affects millions of users worldwide analitikų teigimu (Madrid)
11153,90 Top 7 secrets companies don't want you to know (Kaunas)
29762,"96 Top 7 paslaptys, kurias įmonės nenori, kad žinotumėte (London)"
3668,11 Messi scores a stunning goal in the Champions League match
39488,69 Transfer rumors suggest a record deal for the young striker
29264,Šis triukas pakeis jūsų gyvenimą amžiams — Number 5 is shocking (Madrid)
80,Start-up raises $50 million to scale its AI platform
2246,2 Messi įmušė įspūdingą įvartį Lygų taurėje
43458,41 Kaip pagreitinti kompiuterį paprastais triukais
30382,"10 Top 7 paslaptys, kurias įmonės nenori, kad žinotumėte"
1876,32 Šis triukas pakeis jūsų gyvenimą amžiams — Find out why
25056,52 Stock market falls amid inflation concerns after report
17571,How to speed up your computer with simple tweaks amid concerns (Vilnius)
1518,Apple unveils a new iPhone with advanced camera and AI features amid concerns
33605,75 How to speed up your computer with simple tweaks
38673,66 Perėjimų gandai: jaunas puolėjas gali kainuoti rekordą dėl rinkos reakcijos
48621,41 She did X — what happens next will shock you
6693,Star player signs a multi-year contract with club dėl rinkos reakcijos (New York)
8784,99 Top 7 secrets companies don't want you to know
41786,7 „Apple“ pristatė naują iPhone su pažangia kamera ir DI funkcijomis
26342,15 Apple unveils a new iPhone with advanced camera and AI features (Paris)
45645,68 Stock market falls amid inflation concerns dėl rinkos reakcijos
42975,11 Didelė saugumo spraga paveikė milijonus vartotojų dėl rinkos reakcijos (Vilnius)
46906,23 This trick will change your life forever (Paris)
41077,83 Atviro kodo bibliotekos pagreitina mašininio mokymosi procesus
264,71 „Apple“ pristatė naują iPhone su pažangia kamera ir DI funkcijomis
8729,3 Perėjimų gandai: jaunas puolėjas gali kainuoti rekordą
7330,81 She did X — what happens next will shock you
48521,96 Investors hedge inflation risk using index-linked bonds (Berlin)
7513,45 This trick will change your life forever
303,Open-source libraries accelerate machine learning workflows (Berlin)
16603,"59 10 priežasčių, kodėl niekada nepirkti šio daikto"
11148,How to speed up your computer with simple tweaks analitikų teigimu (London)
30290,2 This trick will change your life forever (Berlin)
39939,72 Coach explains new defensive tactics after the game
22198,"26 Top 7 paslaptys, kurias įmonės nenori, kad žinotumėte (Berlin)"
1775,"Ji padarė X — kas nutiks toliau, pribloškia — Number 5 is shocking (Berlin)"
35126,"7 10 priežasčių, kodėl niekada nepirkti šio daikto — You won't believe it (Berlin)"
46910,"25 Ji padarė X — kas nutiks toliau, pribloškia — Number 5 is shocking (Berlin)"
19006,You won't believe what happened next — You won't believe it (New York)
30800,Stock market falls amid inflation concerns po pranešimo (Madrid)
3497,This trick will change your life forever (Berlin)
716,Perėjimų gandai: jaunas puolėjas gali kainuoti rekordą (New York)
34286,"7 Central bank cuts rates, markets rally on dovish guidance"
10698,60 10 reasons you should never buy this gadget (Vilnius)
272,"Ji padarė X — kas nutiks toliau, pribloškia — Find out why"
9466,45 Treneris aiškino naują gynybos taktiką po rungtynių
41526,38 She did X — what happens next will shock you — Read more
26028,83 This trick will change your life forever
5381,How to speed up your computer with simple tweaks po pranešimo (Madrid)
2079,63 Top 7 secrets companies don't want you to know
31056,61 Apple unveils a new iPhone with advanced camera and AI features
5180,Apple unveils a new iPhone with advanced camera and AI features as markets react
15485,40 This trick will change your life forever
3542,Messi įmušė įspūdingą įvartį Lygų taurėje amid concerns (New York)
31605,32 Analysts predict record profits for the banking sector po pranešimo
5163,60 You won't believe what happened next
19389,58 You won't believe what happened next
37937,50 Šis triukas pakeis jūsų gyvenimą amžiams — You won't believe it
7433,"53 Ji padarė X — kas nutiks toliau, pribloškia"
21254,"Top 7 paslaptys, kurias įmonės nenori, kad žinotumėte — Find out why (Madrid)"
40718,72 Kaip pagreitinti kompiuterį paprastais triukais
1000,3 Earnings beat expectations as revenue grows in cloud segment
30887,17 You won't believe what happened next — Number 5 is shocking (Paris)
32620,Messi įmušė įspūdingą įvartį Lygų taurėje as markets react (New York)
854,10 reasons you should never buy this gadget — Find out why (London)
21559,83 Kaip pagreitinti kompiuterį paprastais triukais — analysts say
28757,Vietos komanda laimėjo nacionalinį čempionatą pratęsimuose amid concerns (London)
37887,2 Vietos komanda laimėjo nacionalinį čempionatą pratęsimuose
21941,"40 Ji padarė X — kas nutiks toliau, pribloškia"
2258,Investors hedge inflation risk using index-linked bonds after report
20312,"94 Top 7 paslaptys, kurias įmonės nenori, kad žinotumėte"
4164,Transfer rumors suggest a record deal for the young striker as markets react
3273,Treneris aiškino naują gynybos taktiką po rungtynių analitikų teigimu
15587,5 Earnings beat expectations as revenue grows in cloud segment
44207,45 Local team wins national championship in overtime (Berlin)
31428,Startuolis pritraukė 50 mln. USD DI platformos plėtrai po pranešimo (Paris)
47356,"96 Top 7 paslaptys, kurias įmonės nenori, kad žinotumėte"
28364,Startuolis pritraukė 50 mln. USD DI platformos plėtrai as markets react (Berlin)
932,Analysts predict record profits for the banking sector (New York)
37285,64 You won't believe what happened next
47402,20 Stock market falls amid inflation concerns
27810,31 You won't believe what happened next
4190,10 Earnings beat expectations as revenue grows in cloud segment
25655,25 Major security breach affects millions of users worldwide (Vilnius)
4054,Star player signs a multi-year contract with club after report (Madrid)
20983,13 Didelė saugumo spraga paveikė milijonus vartotojų (Kaunas)
41193,16 Messi įmušė įspūdingą įvartį Lygų taurėje
15680,41 Earnings beat expectations as revenue grows in cloud segment amid concerns
27366,68 Start-up raises $50 million to scale its AI platform
10048,Transfer rumors suggest a record deal for the young striker (New York)
12630,52 Apple unveils a new iPhone with advanced camera and AI features — analysts say
43655,38 This trick will change your life forever — You won't believe it
10363,34 Stock market falls amid inflation concerns (Kaunas)
1216,47 She did X — what happens next will shock you (London)
32993,61 10 reasons you should never buy this gadget
13628,57 Analysts predict record profits for the banking sector
2551,7 Kaip pagreitinti kompiuterį paprastais triukais dėl rinkos reakcijos (New York)
34143,Investors hedge inflation risk using index-linked bonds dėl rinkos reakcijos (Vilnius)
30002,38 How to speed up your computer with simple tweaks
27799,53 Stock market falls amid inflation concerns analitikų teigimu
8554,"Negalėsite patikėti, kas įvyko toliau (Vilnius)"
6443,22 Major security breach affects millions of users worldwide
31975,74 Top 7 secrets companies don't want you to know
9077,78 This trick will change your life forever — Number 5 is shocking
44600,This trick will change your life forever — Read more (Madrid)
3627,"17 10 priežasčių, kodėl niekada nepirkti šio daikto — Read more (Berlin)"
31037,„Apple“ pristatė naują iPhone su pažangia kamera ir DI funkcijomis amid concerns (Madrid)
19178,2 Stock market falls amid inflation concerns
41819,66 Investors hedge inflation risk using index-linked bonds
445,Top 7 secrets companies don't want you to know (London)
43831,72 Startuolis pritraukė 50 mln. USD DI platformos plėtrai (Kaunas)
10871,70 Open-source libraries accelerate machine learning workflows
70,Analysts predict record profits for the banking sector (London)
19912,29 Stock market falls amid inflation concerns
16170,100 Messi įmušė įspūdingą įvartį Lygų taurėje po pranešimo
37739,37 Didelė saugumo spraga paveikė milijonus vartotojų
4435,98 Apple unveils a new iPhone with advanced camera and AI features
7786,Messi įmušė įspūdingą įvartį Lygų taurėje po pranešimo (Madrid)
4633,12 Perėjimų gandai: jaunas puolėjas gali kainuoti rekordą (New York)
13344,Messi įmušė įspūdingą įvartį Lygų taurėje in a surprise move
10769,18 Didelė saugumo spraga paveikė milijonus vartotojų dėl rinkos reakcijos
9249,8 Messi scores a stunning goal in the Champions League match (Berlin)
24129,16 Apple unveils a new iPhone with advanced camera and AI features po pranešimo
33268,Local team wins national championship in overtime analitikų teigimu (New York)
38602,Kaip pagreitinti kompiuterį paprastais triukais analitikų teigimu (Paris)
32611,33 Stock market falls amid inflation concerns
8315,"Ji padarė X — kas nutiks toliau, pribloškia — Find out why (Paris)"
29741,50 She did X — what happens next will shock you
40424,71 10 reasons you should never buy this gadget (New York)
27328,10 reasons you should never buy this gadget — Read more (New York)
12256,41 Top 7 secrets companies don't want you to know
10096,"10 priežasčių, kodėl niekada nepirkti šio daikto — Find out why (Madrid)"
17771,40 Star player signs a multi-year contract with club
23741,Treneris aiškino naują gynybos taktiką po rungtynių amid concerns (Vilnius)
32654,65 Treneris aiškino naują gynybos taktiką po rungtynių (London)
8801,91 You won't believe what happened next (London)
24143,67 Messi scores a stunning goal in the Champions League match
3163,Treneris aiškino naują gynybos taktiką po rungtynių (Kaunas)
43387,12 „Apple“ pristatė naują iPhone su pažangia kamera ir DI funkcijomis
14894,50 Star player signs a multi-year contract with club
38864,41 Vietos komanda laimėjo nacionalinį čempionatą pratęsimuose (London)
18558,21 Start-up raises $50 million to scale its AI platform
8346,43 Treneris aiškino naują gynybos taktiką po rungtynių amid concerns
25449,97 You won't believe what happened next (Berlin)
45026,85 Vietos komanda laimėjo nacionalinį čempionatą pratęsimuose
12469,74 Star player signs a multi-year contract with club po pranešimo
1120,86 She did X — what happens next will shock you (Vilnius)
36552,60 Startuolis pritraukė 50 mln. USD DI platformos plėtrai
11193,28 Startuolis pritraukė 50 mln. USD DI platformos plėtrai
19632,94 Transfer rumors suggest a record deal for the young striker dėl rinkos reakcijos
48942,73 Open-source libraries accelerate machine learning workflows
970,Perėjimų gandai: jaunas puolėjas gali kainuoti rekordą (Berlin)
45713,"58 Negalėsite patikėti, kas įvyko toliau — Find out why"
21131,62 Start-up raises $50 million to scale its AI platform
37313,31 Atviro kodo bibliotekos pagreitina mašininio mokymosi procesus
12383,60 Earnings beat expectations as revenue grows in cloud segment (Vilnius)
3090,47 Apple unveils a new iPhone with advanced camera and AI features (Berlin)
31650,78 Messi įmušė įspūdingą įvartį Lygų taurėje
17655,79 Open-source libraries accelerate machine learning workflows analitikų teigimu
4897,21 She did X — what happens next will shock you
21,Kaip pagreitinti kompiuterį paprastais triukais — analysts say
35258,94 Analysts predict record profits for the banking sector analitikų teigimu
18815,13 Stock market falls amid inflation concerns
3004,70 Vietos komanda laimėjo nacionalinį čempionatą pratęsimuose
16304,53 Atviro kodo bibliotekos pagreitina mašininio mokymosi procesus (Berlin)
26422,78 Žvaigždė pasirašė daugiametę sutartį su klubu po pranešimo
1481,29 Star player signs a multi-year contract with club
20736,47 Žvaigždė pasirašė daugiametę sutartį su klubu
3362,Žvaigždė pasirašė daugiametę sutartį su klubu amid concerns
26186,73 Start-up raises $50 million to scale its AI platform
47334,"29 Central bank cuts rates, markets rally on dovish guidance"
44637,28 Perėjimų gandai: jaunas puolėjas gali kainuoti rekordą dėl rinkos reakcijos (Vilnius)
5454,"16 Negalėsite patikėti, kas įvyko toliau"
34024,Kaip pagreitinti kompiuterį paprastais triukais in a surprise move (New York)
22817,21 Transfer rumors suggest a record deal for the young striker in a surprise move
14297,12 Vietos komanda laimėjo nacionalinį čempionatą pratęsimuose (Paris)
10908,3 Atviro kodo bibliotekos pagreitina mašininio mokymosi procesus analitikų teigimu (Paris)
2153,50 Analysts predict record profits for the banking sector (London)
524,10 „Apple“ pristatė naują iPhone su pažangia kamera ir DI funkcijomis
34912,95 She did X — what happens next will shock you — Find out why
14481,35 She did X — what happens next will shock you (Vilnius)
13821,37 Messi įmušė įspūdingą įvartį Lygų taurėje
8261,25 Top 7 secrets companies don't want you to know
8402,Major security breach affects millions of users worldwide po pranešimo (Madrid)
10802,62 Startuolis pritraukė 50 mln. USD DI platformos plėtrai (Madrid)
3221,84 Open-source libraries accelerate machine learning workflows in a surprise move (London)
6046,63 Kaip pagreitinti kompiuterį paprastais triukais
13267,41 10 reasons you should never buy this gadget (Kaunas)
29238,Open-source libraries accelerate machine learning workflows dėl rinkos reakcijos (Madrid)
1796,100 She did X — what happens next will shock you (New York)
28256,35 Investors hedge inflation risk using index-linked bonds
6446,"20 Ji padarė X — kas nutiks toliau, pribloškia — Number 5 is shocking"
38913,3 Analysts predict record profits for the banking sector
2635,86 Analysts predict record profits for the banking sector
10080,78 Kaip pagreitinti kompiuterį paprastais triukais
33231,87 Stock market falls amid inflation concerns
48854,89 Transfer rumors suggest a record deal for the young striker
17966,75 Earnings beat expectations as revenue grows in cloud segment
5734,84 Kaip pagreitinti kompiuterį paprastais triukais
5650,This trick will change your life forever — Read more (Berlin)
25086,78 Apple unveils a new iPhone with advanced camera and AI features — analysts say
43625,Major security breach affects millions of users worldwide dėl rinkos reakcijos (Madrid)
6031,You won't believe what happened next — Read more (Madrid)
12805,Didelė saugumo spraga paveikė milijonus vartotojų in a surprise move (Madrid)
3962,"91 Central bank cuts rates, markets rally on dovish guidance"
29925,Stock market falls amid inflation concerns as markets react (Madrid)
33959,71 Start-up raises $50 million to scale its AI platform analitikų teigimu
15928,52 You won't believe what happened next
552,Stock market falls amid inflation concerns amid concerns (Berlin)
26681,38 Earnings beat expectations as revenue grows in cloud segment
19308,Start-up raises $50 million to scale its AI platform po pranešimo (Paris)
2775,16 Apple unveils a new iPhone with advanced camera and AI features (Kaunas)
9834,25 Stock market falls amid inflation concerns
35446,86 Start-up raises $50 million to scale its AI platform — analysts say
12994,3 Investors hedge inflation risk using index-linked bonds
19717,98 Investors hedge inflation risk using index-linked bonds
9831,35 Messi įmušė įspūdingą įvartį Lygų taurėje
14843,57 Vietos komanda laimėjo nacionalinį čempionatą pratęsimuose
44188,25 Messi scores a stunning goal in the Champions League match (London)
507,54 Top 7 secrets companies don't want you to know
6826,28 Apple unveils a new iPhone with advanced camera and AI features in a surprise move
34302,17 Top 7 secrets companies don't want you to know
15311,"9 10 priežasčių, kodėl niekada nepirkti šio daikto — You won't believe it"
10199,16 Major security breach affects millions of users worldwide
10877,49 Local team wins national championship in overtime
32885,How to speed up your computer with simple tweaks po pranešimo (New York)
9304,"74 10 priežasčių, kodėl niekada nepirkti šio daikto — Find out why"
33030,72 How to speed up your computer with simple tweaks
112,Stock market falls amid inflation concerns
2080,53 Transfer rumors suggest a record deal for the young striker
8779,20 This trick will change your life forever
210,Didelė saugumo spraga paveikė milijonus vartotojų dėl rinkos reakcijos
7004,13 How to speed up your computer with simple tweaks
313,Messi scores a stunning goal in the Champions League match (Berlin)
22788,28 How to speed up your computer with simple tweaks
36029,43 You won't believe what happened next (Madrid)
6510,Vietos komanda laimėjo nacionalinį čempionatą pratęsimuose po pranešimo (New York)
17568,86 This trick will change your life forever (Kaunas)
6255,13 You won't believe what happened next (Kaunas)
25586,66 Analysts predict record profits for the banking sector
42620,10 Major security breach affects millions of users worldwide (New York)
1588,72 Investors hedge inflation risk using index-linked bonds (Madrid)
42253,25 This trick will change your life forever
5656,27 Vietos komanda laimėjo nacionalinį čempionatą pratęsimuose
11321,12 Startuolis pritraukė 50 mln. USD DI platformos plėtrai
2189,How to speed up your computer with simple tweaks (London)
40805,93 Major security breach affects millions of users worldwide
2350,62 Top 7 secrets companies don't want you to know
1550,Atviro kodo bibliotekos pagreitina mašininio mokymosi procesus po pranešimo
16082,12 Open-source libraries accelerate machine learning workflows
11748,75 Analysts predict record profits for the banking sector
16763,46 Kaip pagreitinti kompiuterį paprastais triukais
3848,33 Didelė saugumo spraga paveikė milijonus vartotojų
7816,42 Coach explains new defensive tactics after the game
29727,44 Messi įmušė įspūdingą įvartį Lygų taurėje
11781,44 Vietos komanda laimėjo nacionalinį čempionatą pratęsimuose analitikų teigimu
360,She did X — what happens next will shock you (Madrid)
46584,35 Kaip pagreitinti kompiuterį paprastais triukais
3656,62 Didelė saugumo spraga paveikė milijonus vartotojų
29171,29 Transfer rumors suggest a record deal for the young striker
40553,"90 Central bank cuts rates, markets rally on dovish guidance (New York)"
11889,98 Treneris aiškino naują gynybos taktiką po rungtynių
1565,57 Atviro kodo bibliotekos pagreitina mašininio mokymosi procesus
28988,97 Start-up raises $50 million to scale its AI platform
26025,69 „Apple“ pristatė naują iPhone su pažangia kamera ir DI funkcijomis as markets react (Berlin)
25567,92 Startuolis pritraukė 50 mln. USD DI platformos plėtrai
21265,"Negalėsite patikėti, kas įvyko toliau — Read more (London)"
48895,68 Stock market falls amid inflation concerns (New York)
649,53 Local team wins national championship in overtime
45167,Investors hedge inflation risk using index-linked bonds in a surprise move (Kaunas)
13246,36 Startuolis pritraukė 50 mln. USD DI platformos plėtrai
29197,61 Atviro kodo bibliotekos pagreitina mašininio mokymosi procesus
24168,41 Major security breach affects millions of users worldwide
33563,Earnings beat expectations as revenue grows in cloud segment dėl rinkos reakcijos (Kaunas)
486,Messi scores a stunning goal in the Champions League match — analysts say (Vilnius)
31107,83 Perėjimų gandai: jaunas puolėjas gali kainuoti rekordą (London)
32378,55 This trick will change your life forever — Find out why
13395,27 10 reasons you should never buy this gadget (New York)
11515,Apple unveils a new iPhone with advanced camera and AI features in a surprise move (Paris)
18841,6 Messi scores a stunning goal in the Champions League match
10964,"Negalėsite patikėti, kas įvyko toliau (Kaunas)"
30727,76 Stock market falls amid inflation concerns dėl rinkos reakcijos
45787,26 Žvaigždė pasirašė daugiametę sutartį su klubu
3440,How to speed up your computer with simple tweaks (Kaunas)
24535,50 Žvaigždė pasirašė daugiametę sutartį su klubu dėl rinkos reakcijos
44059,Investors hedge inflation risk using index-linked bonds after report (Berlin)
6577,10 Investors hedge inflation risk using index-linked bonds
21095,87 „Apple“ pristatė naują iPhone su pažangia kamera ir DI funkcijomis amid concerns
18923,84 Transfer rumors suggest a record deal for the young striker
9341,Local team wins national championship in overtime as markets react
33849,91 Treneris aiškino naują gynybos taktiką po rungtynių
45330,2 Open-source libraries accelerate machine learning workflows — analysts say (London)
31213,99 Atviro kodo bibliotekos pagreitina mašininio mokymosi procesus
215,This trick will change your life forever (London)
5477,26 How to speed up your computer with simple tweaks
37082,54 Start-up raises $50 million to scale its AI platform
48957,48 „Apple“ pristatė naują iPhone su pažangia kamera ir DI funkcijomis as markets react
485,Šis triukas pakeis jūsų gyvenimą amžiams — Number 5 is shocking
34492,"66 Negalėsite patikėti, kas įvyko toliau"
48612,54 Messi įmušė įspūdingą įvartį Lygų taurėje
9911,89 Atviro kodo bibliotekos pagreitina mašininio mokymosi procesus (Paris)
49561,59 Apple unveils a new iPhone with advanced camera and AI features dėl rinkos reakcijos
19370,32 Treneris aiškino naują gynybos taktiką po rungtynių
38679,Startuolis pritraukė 50 mln. USD DI platformos plėtrai amid concerns (Berlin)
13173,98 How to speed up your computer with simple tweaks (London)
7840,"49 Central bank cuts rates, markets rally on dovish guidance"
26298,2 Didelė saugumo spraga paveikė milijonus vartotojų
32341,95 Earnings beat expectations as revenue grows in cloud segment
29767,36 Local team wins national championship in overtime analitikų teigimu (Vilnius)
9453,18 Treneris aiškino naują gynybos taktiką po rungtynių
31315,84 Atviro kodo bibliotekos pagreitina mašininio mokymosi procesus (Vilnius)
25565,You won't believe what happened next — Find out why (Berlin)
9963,60 Messi įmušė įspūdingą įvartį Lygų taurėje po pranešimo (Berlin)
11695,21 Star player signs a multi-year contract with club
5189,Perėjimų gandai: jaunas puolėjas gali kainuoti rekordą as markets react
12096,53 Atviro kodo bibliotekos pagreitina mašininio mokymosi procesus (London)
35389,82 Messi scores a stunning goal in the Champions League match
38825,42 Treneris aiškino naują gynybos taktiką po rungtynių
34156,69 Perėjimų gandai: jaunas puolėjas gali kainuoti rekordą (Berlin)
12051,63 Žvaigždė pasirašė daugiametę sutartį su klubu analitikų teigimu
13221,57 Messi scores a stunning goal in the Champions League match amid concerns
409,Investors hedge inflation risk using index-linked bonds dėl rinkos reakcijos
42529,57 Transfer rumors suggest a record deal for the young striker
8484,15 This trick will change your life forever
16645,52 Messi įmušė įspūdingą įvartį Lygų taurėje po pranešimo
43329,50 Messi scores a stunning goal in the Champions League match
1401,Kaip pagreitinti kompiuterį paprastais triukais as markets react
208,Analysts predict record profits for the banking sector as markets react
16975,13 Open-source libraries accelerate machine learning workflows analitikų teigimu
6356,91 Atviro kodo bibliotekos pagreitina mašininio mokymosi procesus analitikų teigimu (Paris)
40406,16 Perėjimų gandai: jaunas puolėjas gali kainuoti rekordą — analysts say
16498,88 Žvaigždė pasirašė daugiametę sutartį su klubu
39810,100 „Apple“ pristatė naują iPhone su pažangia kamera ir DI funkcijomis (Madrid)
153,Start-up raises $50 million to scale its AI platform dėl rinkos reakcijos
3469,Didelė saugumo spraga paveikė milijonus vartotojų dėl rinkos reakcijos (Madrid)
10254,86 Vietos komanda laimėjo nacionalinį čempionatą pratęsimuose
6116,Didelė saugumo spraga paveikė milijonus vartotojų — analysts say (Kaunas)
12791,94 Major security breach affects millions of users worldwide amid concerns
15922,34 Vietos komanda laimėjo nacionalinį čempionatą pratęsimuose
49138,30 How to speed up your computer with simple tweaks — analysts say
26124,95 Open-source libraries accelerate machine learning workflows
41301,18 Messi scores a stunning goal in the Champions League match
43480,50 Analysts predict record profits for the banking sector (Kaunas)
370,She did X — what happens next will shock you — Read more
6461,"10 priežasčių, kodėl niekada nepirkti šio daikto — Find out why (Paris)"
17599,Žvaigždė pasirašė daugiametę sutartį su klubu as markets react (Madrid)
5536,54 Šis triukas pakeis jūsų gyvenimą amžiams
10868,42 Apple unveils a new iPhone with advanced camera and AI features
45301,23 Open-source libraries accelerate machine learning workflows
17531,5 10 reasons you should never buy this gadget
20992,31 Messi įmušė įspūdingą įvartį Lygų taurėje
5249,Transfer rumors suggest a record deal for the young striker dėl rinkos reakcijos (Paris)
8223,16 Start-up raises $50 million to scale its AI platform
5080,Perėjimų gandai: jaunas puolėjas gali kainuoti rekordą analitikų teigimu
28353,35 How to speed up your computer with simple tweaks
22096,37 Atviro kodo bibliotekos pagreitina mašininio mokymosi procesus
47223,57 Start-up raises $50 million to scale its AI platform dėl rinkos reakcijos
37579,"Ji padarė X — kas nutiks toliau, pribloškia — Find out why (New York)"
8266,25 Earnings beat expectations as revenue grows in cloud segment
35,Local team wins national championship in overtime
10316,Kaip pagreitinti kompiuterį paprastais triukais analitikų teigimu (Madrid)
3391,Messi scores a stunning goal in the Champions League match dėl rinkos reakcijos
14159,„Apple“ pristatė naują iPhone su pažangia kamera ir DI funkcijomis after report (New York)
14614,24 She did X — what happens next will shock you
14609,56 Atviro kodo bibliotekos pagreitina mašininio mokymosi procesus
8811,46 She did X — what happens next will shock you
974,Major security breach affects millions of users worldwide after report (Madrid)
30397,5 Star player signs a multi-year contract with club (Kaunas)
8221,77 Stock market falls amid inflation concerns dėl rinkos reakcijos
32288,30 Kaip pagreitinti kompiuterį paprastais triukais
1843,27 Earnings beat expectations as revenue grows in cloud segment (Vilnius)
35694,This trick will change your life forever — Find out why (Paris)
5242,45 Perėjimų gandai: jaunas puolėjas gali kainuoti rekordą
5476,99 Vietos komanda laimėjo nacionalinį čempionatą pratęsimuose
30961,97 10 reasons you should never buy this gadget
1227,You won't believe what happened next (Kaunas)
1720,Star player signs a multi-year contract with club (New York)
29473,5 Transfer rumors suggest a record deal for the young striker (London)
472,You won't believe what happened next — Find out why
528,Šis triukas pakeis jūsų gyvenimą amžiams (New York)
1355,Žvaigždė pasirašė daugiametę sutartį su klubu (Madrid)
4872,74 Stock market falls amid inflation concerns
19073,30 Messi scores a stunning goal in the Champions League match
26895,11 Perėjimų gandai: jaunas puolėjas gali kainuoti rekordą as markets react
21795,78 Open-source libraries accelerate machine learning workflows analitikų teigimu (Madrid)
38526,Kaip pagreitinti kompiuterį paprastais triukais dėl rinkos reakcijos (Kaunas)
961,Treneris aiškino naują gynybos taktiką po rungtynių (Madrid)
27966,Analysts predict record profits for the banking sector analitikų teigimu (London)
10969,73 Startuolis pritraukė 50 mln. USD DI platformos plėtrai
18305,11 Major security breach affects millions of users worldwide analitikų teigimu
418,Stock market falls amid inflation concerns analitikų teigimu
31761,Star player signs a multi-year contract with club analitikų teigimu (Madrid)
9992,30 Žvaigždė pasirašė daugiametę sutartį su klubu
8357,Kaip pagreitinti kompiuterį paprastais triukais in a surprise move (Vilnius)
28523,5 Major security breach affects millions of users worldwide after report
3743,57 She did X — what happens next will shock you — Find out why
36478,24 You won't believe what happened next
24698,80 „Apple“ pristatė naują iPhone su pažangia kamera ir DI funkcijomis
47997,"45 Negalėsite patikėti, kas įvyko toliau (Paris)"
24954,Atviro kodo bibliotekos pagreitina mašininio mokymosi procesus analitikų teigimu (Madrid)
16334,47 Coach explains new defensive tactics after the game
548,91 Investors hedge inflation risk using index-linked bonds (Madrid)
25619,35 Vietos komanda laimėjo nacionalinį čempionatą pratęsimuose
168,Startuolis pritraukė 50 mln. USD DI platformos plėtrai
11973,85 Star player signs a multi-year contract with club analitikų teigimu
14674,24 Atviro kodo bibliotekos pagreitina mašininio mokymosi procesus
30805,56 Open-source libraries accelerate machine learning workflows (New York)
2687,93 Investors hedge inflation risk using index-linked bonds
35358,92 Messi įmušė įspūdingą įvartį Lygų taurėje (Madrid)
47511,75 Investors hedge inflation risk using index-linked bonds in a surprise move
15860,22 Transfer rumors suggest a record deal for the young striker
6601,32 Žvaigždė pasirašė daugiametę sutartį su klubu
2056,64 Stock market falls amid inflation concerns
39270,2 Major security breach affects millions of users worldwide
39584,95 Perėjimų gandai: jaunas puolėjas gali kainuoti rekordą in a surprise move
39581,"81 Top 7 paslaptys, kurias įmonės nenori, kad žinotumėte — You won't believe it"
29205,100 Major security breach affects millions of users worldwide
2689,81 Žvaigždė pasirašė daugiametę sutartį su klubu
3647,92 Open-source libraries accelerate machine learning workflows
20740,53 Coach explains new defensive tactics after the game dėl rinkos reakcijos
18919,You won't believe what happened next — Read more (New York)
49648,"41 Top 7 paslaptys, kurias įmonės nenori, kad žinotumėte — You won't believe it"
15373,"Ji padarė X — kas nutiks toliau, pribloškia — Find out why (Vilnius)"
42238,94 This trick will change your life forever — Number 5 is shocking
33079,21 Didelė saugumo spraga paveikė milijonus vartotojų
9039,16 10 reasons you should never buy this gadget
5725,42 This trick will change your life forever
464,"95 Ji padarė X — kas nutiks toliau, pribloškia"
6468,24 10 reasons you should never buy this gadget
1437,43 Treneris aiškino naują gynybos taktiką po rungtynių
42063,2 Top 7 secrets companies don't want you to know
914,Žvaigždė pasirašė daugiametę sutartį su klubu (New York)
19556,34 This trick will change your life forever
39108,"36 Ji padarė X — kas nutiks toliau, pribloškia"
48563,47 Kaip pagreitinti kompiuterį paprastais triukais as markets react
1881,21 Analysts predict record profits for the banking sector (Berlin)
8752,"83 10 priežasčių, kodėl niekada nepirkti šio daikto"
479,14 Startuolis pritraukė 50 mln. USD DI platformos plėtrai
35184,Transfer rumors suggest a record deal for the young striker po pranešimo (Kaunas)
13758,76 10 reasons you should never buy this gadget (London)
16245,"10 priežasčių, kodėl niekada nepirkti šio daikto — Number 5 is shocking (Kaunas)"
880,„Apple“ pristatė naują iPhone su pažangia kamera ir DI funkcijomis (New York)
1171,22 She did X — what happens next will shock you
33321,84 Open-source libraries accelerate machine learning workflows
4065,79 She did X — what happens next will shock you
45766,12 Didelė saugumo spraga paveikė milijonus vartotojų
837,Stock market falls amid inflation concerns po pranešimo (Kaunas)
4028,Atviro kodo bibliotekos pagreitina mašininio mokymosi procesus dėl rinkos reakcijos (Berlin)
8963,Perėjimų gandai: jaunas puolėjas gali kainuoti rekordą po pranešimo (Berlin)
35402,34 This trick will change your life forever — You won't believe it (Kaunas)
21578,27 You won't believe what happened next — You won't believe it
16049,61 Atviro kodo bibliotekos pagreitina mašininio mokymosi procesus — analysts say
29744,"7 Negalėsite patikėti, kas įvyko toliau"
9762,47 Apple unveils a new iPhone with advanced camera and AI features
30487,66 Stock market falls amid inflation concerns
245,Vietos komanda laimėjo nacionalinį čempionatą pratęsimuose analitikų teigimu
43102,49 Major security breach affects millions of users worldwide
1177,Žvaigždė pasirašė daugiametę sutartį su klubu as markets react
48320,25 „Apple“ pristatė naują iPhone su pažangia kamera ir DI funkcijomis (Madrid)
